residue,15N,1H,intensity,visible,titrant
17,121.85600000000001,8.431000000000001,8340906.0,200,700
19,122.102,8.124,6570953.0,200,700
21,116.84899999999999,8.033999999999999,1068518.0,200,700
23,120.412,8.337,7456038.0,200,700
24,120.444,8.001,2866136.0,200,700
26,122.87299999999999,8.312999999999999,1596785.0,200,700
30,108.064,8.243,1328931.0,200,700
31,120.891,8.342,24324746.0,200,700
32,120.85600000000001,8.052,2315360.0,200,700
33,125.02600000000001,8.327,1676184.0,200,700
34,121.579,8.196,24687116.0,200,700
35,119.473,7.997000000000001,2023389.0,200,700
36,125.51700000000001,7.785,6361562.0,200,700
7,120.65,8.124,44670444.0,200,700
8,120.645,8.289,48550864.0,200,700
9,120.93700000000001,8.279,51487396.0,200,700
11,121.209,8.328,64159596.0,200,700
10,121.13600000000001,8.304,60934808.0,200,700
17,121.85799999999999,8.432,11003905.0,200,500
19,122.152,8.124,8694532.0,200,500
21,117.244,8.039,1267967.0,200,500
23,120.43700000000001,8.339,9884456.0,200,500
24,120.446,8.01,4517681.0,200,500
25,122.925,8.094,1749007.0,200,500
26,123.07799999999999,8.336,2043846.0,200,500
27,124.15,8.171,2949501.0,200,500
30,108.219,8.249,1636672.0,200,500
31,120.896,8.342,28214170.0,200,500
32,120.915,8.046,3699346.0,200,500
33,125.074,8.323,2985156.0,200,500
34,121.603,8.202,27998604.0,200,500
35,119.615,8.014,3583587.0,200,500
36,125.58,7.795,9898680.0,200,500
7,120.65899999999999,8.126,50825532.0,200,500
8,120.648,8.29,52396492.0,200,500
9,120.949,8.279,54104592.0,200,500
11,121.213,8.328,71270936.0,200,500
10,121.141,8.304,64689336.0,200,500
17,121.84299999999999,8.437000000000001,22632596.0,200,200
19,122.189,8.129,16241211.0,200,200
21,118.27600000000001,8.095,5721968.0,200,200
22,123.264,8.323,2366552.0,200,200
23,120.475,8.337,14855892.0,200,200
24,120.412,8.019,12342756.0,200,200
25,123.609,8.145,5715593.0,200,200
26,123.97200000000001,8.376,5758174.0,200,200
27,124.736,8.216000000000001,5374561.0,200,200
30,108.36200000000001,8.262,3016240.0,200,200
31,120.917,8.339,40756032.0,200,200
32,120.914,8.054,9712503.0,200,200
33,125.113,8.33,8174778.0,200,200
34,121.648,8.211,30450790.0,200,200
35,120.109,8.07,6077877.0,200,200
36,125.76100000000001,7.822,19274856.0,200,200
7,120.669,8.128,58975560.0,200,200
8,120.655,8.29,61479040.0,200,200
9,120.961,8.279,60753216.0,200,200
11,121.22,8.327,90251240.0,200,200
10,121.148,8.304,73255664.0,200,200
17,121.85600000000001,8.432,13589574.0,200,400
19,122.15899999999999,8.125,10159745.0,200,400
21,117.43,8.054,1457754.0,200,400
22,123.056,8.326,2022154.0,200,400
23,120.441,8.34,10983076.0,200,400
24,120.42399999999999,8.009,5495494.0,200,400
25,122.96700000000001,8.109,2491231.0,200,400
26,123.255,8.342,2809954.0,200,400
27,124.264,8.182,3324564.0,200,400
30,108.21600000000001,8.255,1649976.0,200,400
31,120.902,8.343,31618092.0,200,400
32,120.885,8.052999999999999,4837950.0,200,400
33,125.066,8.328,4115662.0,200,400
34,121.617,8.205,30089992.0,200,400
35,119.709,8.024,3954514.0,200,400
36,125.615,7.8,11354020.0,200,400
7,120.664,8.128,55017280.0,200,400
8,120.648,8.292,57811180.0,200,400
9,120.94200000000001,8.28,56496068.0,200,400
11,121.21799999999999,8.329,76897288.0,200,400
10,121.14299999999999,8.305,68499488.0,200,400
17,121.84899999999999,8.435,17035772.0,200,300
19,122.175,8.127,12675171.0,200,300
21,117.831,8.071,2423736.0,200,300
22,123.12799999999999,8.333,1502256.0,200,300
23,120.458,8.338,12954836.0,200,300
24,120.417,8.016,7575679.0,200,300
25,123.236,8.13,3265606.0,200,300
26,123.565,8.357999999999999,3453743.0,200,300
27,124.45,8.193999999999999,4208452.0,200,300
30,108.277,8.251,2043111.0,200,300
31,120.90100000000001,8.341000000000001,35716024.0,200,300
32,120.896,8.054,6363953.0,200,300
33,125.085,8.33,5392186.0,200,300
34,121.63799999999999,8.208,29785096.0,200,300
35,119.85,8.044,5014162.0,200,300
36,125.684,7.81,15133856.0,200,300
7,120.66799999999999,8.128,56847152.0,200,300
8,120.649,8.291,59333224.0,200,300
9,120.946,8.28,58905236.0,200,300
11,121.21799999999999,8.328,82662432.0,200,300
10,121.145,8.304,69918480.0,200,300
5,121.88,8.179,12290412.0,200,0
14,122.402,8.214,66407908.0,200,0
17,121.80799999999999,8.446,39296340.0,200,0
19,122.26299999999999,8.125,43729688.0,200,0
20,122.18700000000001,8.168,52377336.0,200,0
21,118.75200000000001,8.184,12991304.0,200,0
22,123.75399999999999,8.321,9517701.0,200,0
23,120.523,8.334,23419206.0,200,0
24,120.387,8.039,42969128.0,200,0
25,124.837,8.209,41476540.0,200,0
26,125.21,8.441,30469844.0,200,0
27,125.62299999999999,8.288,21402698.0,200,0
28,119.601,8.161,34634784.0,200,0
29,112.516,8.503,4082366.0,200,0
30,108.57600000000001,8.272,2870094.0,200,0
31,120.94,8.334,50623572.0,200,0
32,120.999,8.055,26765686.0,200,0
33,125.15100000000001,8.332,19438258.0,200,0
34,121.685,8.219,34025524.0,200,0
35,120.63799999999999,8.158999999999999,17968216.0,200,0
36,126.01100000000001,7.859,55773256.0,200,0
7,120.667,8.128,63135860.0,200,0
8,120.652,8.29,65168228.0,200,0
9,120.969,8.279,66530648.0,200,0
11,121.223,8.325,107987304.0,200,0
10,121.156,8.302999999999999,76168136.0,200,0
14,122.38600000000001,8.214,59514572.0,200,20
17,121.81200000000001,8.445,38411844.0,200,20
19,122.241,8.126,37595312.0,200,20
20,122.146,8.169,43128056.0,200,20
21,118.681,8.173,9622767.0,200,20
22,123.699,8.323,8492052.0,200,20
23,120.522,8.335,22519632.0,200,20
24,120.385,8.036,35895168.0,200,20
25,124.654,8.201,31866010.0,200,20
26,125.022,8.433,22177080.0,200,20
27,125.499,8.279,17056208.0,200,20
28,119.397,8.152000000000001,22426864.0,200,20
29,112.38799999999999,8.486,3376029.0,200,20
30,108.54799999999999,8.273,2746400.0,200,20
31,120.93,8.336,50609368.0,200,20
32,120.98700000000001,8.056000000000001,22649616.0,200,20
33,125.13799999999999,8.333,18465606.0,200,20
34,121.685,8.219,34202648.0,200,20
35,120.542,8.149,18088436.0,200,20
36,125.96700000000001,7.855,49857896.0,200,20
7,120.664,8.13,63729868.0,200,20
8,120.65100000000001,8.291,63419912.0,200,20
9,120.96700000000001,8.28,65287452.0,200,20
11,121.22399999999999,8.327,111769400.0,200,20
10,121.156,8.304,76831344.0,200,20
17,121.86399999999999,8.427999999999999,8970366.0,200,600
19,122.134,8.125,7475766.0,200,600
21,116.947,8.044,1066957.0,200,600
22,122.985,8.323,1786290.0,200,600
23,120.425,8.34,8879878.0,200,600
24,120.426,8.011000000000001,3697180.0,200,600
25,122.71600000000001,8.09,1613795.0,200,600
26,122.936,8.336,1593839.0,200,600
27,124.031,8.157,2000457.0,200,600
30,108.156,8.236,1378303.0,200,600
31,120.905,8.344,26132904.0,200,600
32,120.85700000000001,8.051,3149120.0,200,600
33,125.08200000000001,8.326,2574760.0,200,600
34,121.59100000000001,8.2,27639460.0,200,600
35,119.544,7.999,2625644.0,200,600
36,125.554,7.789,7715872.0,200,600
7,120.655,8.127,50269832.0,200,600
8,120.64200000000001,8.291,51451116.0,200,600
9,120.93299999999999,8.28,53603776.0,200,600
11,121.213,8.329,68163328.0,200,600
10,121.13799999999999,8.305,63307888.0,200,600
14,122.324,8.208,41548888.0,200,100
17,121.82799999999999,8.44,29738916.0,200,100
19,122.206,8.129,23867672.0,200,100
21,118.762,8.121,8350620.0,200,100
22,123.5,8.327,3897190.0,200,100
23,120.507,8.336,17759652.0,200,100
24,120.40299999999999,8.027000000000001,20366312.0,200,100
25,124.12700000000001,8.172,11194403.0,200,100
26,124.488,8.404,9321890.0,200,100
27,125.185,8.242,12827194.0,200,100
29,111.99700000000001,8.45,1356092.0,200,100
30,108.42200000000001,8.266,2547504.0,200,100
31,120.92299999999999,8.337,46283324.0,200,100
32,120.95100000000001,8.054,13317828.0,200,100
33,125.12799999999999,8.331,11864411.0,200,100
34,121.669,8.215,31131778.0,200,100
35,120.29299999999999,8.106,9215925.0,200,100
36,125.859,7.837000000000001,29983642.0,200,100
7,120.667,8.128,57754356.0,200,100
8,120.65100000000001,8.29,59382948.0,200,100
9,120.962,8.28,60614448.0,200,100
11,121.21700000000001,8.327,97367872.0,200,100
10,121.149,8.304,74302096.0,200,100
