residue,15N,1H,intensity,titrant,visible
6,124.567,7.763,3248421.0,0.0,150.0
7,126.776,8.349,5053537.0,0.0,150.0
9,121.124,8.202,2062229.0,0.0,150.0
11,122.318,6.968,1641649.0,0.0,150.0
14,118.21,8.241,3919057.0,0.0,150.0
15,117.649,7.26,3678800.0,0.0,150.0
16,119.908,7.973,4577093.0,0.0,150.0
17,118.363,9.04,3593879.0,0.0,150.0
18,119.618,7.432,4942928.0,0.0,150.0
19,114.264,7.733,3775373.0,0.0,150.0
20,117.98,8.616,2522286.0,0.0,150.0
21,114.45,8.669,4134417.0,0.0,150.0
22,115.017,7.218,3292112.0,0.0,150.0
23,123.125,8.801,2989833.0,0.0,150.0
24,116.905,8.115,3232391.0,0.0,150.0
26,106.033,8.052,3511965.0,0.0,150.0
27,124.328,9.055,3281054.0,0.0,150.0
28,122.532,9.515,3563391.0,0.0,150.0
29,120.356,8.218,4592990.0,0.0,150.0
30,107.705,8.111,3037522.0,0.0,150.0
31,126.606,8.451,3358939.0,0.0,150.0
32,121.07,8.729,5529558.0,0.0,150.0
33,118.636,7.641,4858931.0,0.0,150.0
34,122.785,8.322,5651884.0,0.0,150.0
35,119.825,9.786,3933203.0,0.0,150.0
36,119.148,7.762,5692097.0,0.0,150.0
37,115.872,6.967,3359181.0,0.0,150.0
38,116.672,7.738,2394526.0,0.0,150.0
39,107.719,8.308,3116534.0,0.0,150.0
42,121.882,7.298,4908158.0,0.0,150.0
43,118.49,9.23,3531070.0,0.0,150.0
45,114.694,7.88,1799951.0,0.0,150.0
46,122.096,7.558,2994643.0,0.0,150.0
47,117.604,7.894,2865308.0,0.0,150.0
49,122.683,8.143,4130678.0,0.0,150.0
51,119.339,7.884,3883992.0,0.0,150.0
52,122.925,8.198,2944855.0,0.0,150.0
53,123.474,8.825,3391190.0,0.0,150.0
54,118.796,7.659,4483664.0,0.0,150.0
55,118.04,7.22,2554038.0,0.0,150.0
56,120.053,8.521,2842739.0,0.0,150.0
57,123.796,9.374,2449700.0,0.0,150.0
58,117.529,7.799,2745677.0,0.0,150.0
59,114.667,8.042,2752369.0,0.0,150.0
60,114.011,8.89,2161561.0,0.0,150.0
62,123.029,7.521,3164682.0,0.0,150.0
63,118.044,8.759,4926108.0,0.0,150.0
64,117.469,7.687,4461221.0,0.0,150.0
65,122.127,8.377,3205873.0,0.0,150.0
66,117.689,8.659,3795474.0,0.0,150.0
67,119.361,7.524,5823178.0,0.0,150.0
68,120.818,7.39,3689297.0,0.0,150.0
69,119.233,9.303,3164420.0,0.0,150.0
70,116.918,8.769,4198197.0,0.0,150.0
71,119.18,7.196,3978576.0,0.0,150.0
72,119.664,7.588,3504222.0,0.0,150.0
73,121.31,8.707,4619686.0,0.0,150.0
74,122.231,8.312,5623525.0,0.0,150.0
75,118.671,7.209,5355661.0,0.0,150.0
76,117.899,7.597,5078607.0,0.0,150.0
77,103.796,7.826,1226982.0,0.0,150.0
78,112.133,7.205,3779464.0,0.0,150.0
79,118.25,8.498,1248454.0,0.0,150.0
81,112.55,9.162,3405815.0,0.0,150.0
82,123.026,9.185,3103867.0,0.0,150.0
84,120.514,8.017,6684542.0,0.0,150.0
85,118.917,7.3,5555772.0,0.0,150.0
86,118.86,8.715,3650212.0,0.0,150.0
87,119.822,7.649,4377039.0,0.0,150.0
88,119.789,7.96,5133538.0,0.0,150.0
89,106.995,9.055,3553696.0,0.0,150.0
90,123.265,8.279,4195422.0,0.0,150.0
91,119.884,7.866,5852839.0,0.0,150.0
93,101.922,8.131,2640209.0,0.0,150.0
94,115.476,7.459,4034416.0,0.0,150.0
99,122.079,7.928,2858500.0,0.0,150.0
100,113.567,7.24,2232589.0,0.0,150.0
101,122.609,6.956,1983332.0,0.0,150.0
102,119.344,7.496,6920996.0,0.0,150.0
103,116.126,8.425,2900519.0,0.0,150.0
104,121.57,7.316,3901982.0,0.0,150.0
105,116.599,7.922,5044858.0,0.0,150.0
106,118.597,8.473,3006271.0,0.0,150.0
107,120.679,9.251,4297424.0,0.0,150.0
108,114.866,7.661,3312918.0,0.0,150.0
110,115.644,9.021,4120277.0,0.0,150.0
111,124.547,8.322,4371042.0,0.0,150.0
113,121.693,8.035,4571575.0,0.0,150.0
114,126.481,8.268,4455613.0,0.0,150.0
115,131.554,7.412,2737099.0,0.0,150.0
118,121.256,7.011,2068161.0,0.0,150.0
119,120.507,6.632,2277805.0,0.0,150.0
120,117.0,7.618,4550939.0,0.0,150.0
121,118.917,7.326,5051876.0,0.0,150.0
122,120.992,8.619,3934535.0,0.0,150.0
124,119.517,7.34,4265206.0,0.0,150.0
125,124.093,9.142,3840295.0,0.0,150.0
127,112.967,8.162,4868314.0,0.0,150.0
128,115.825,8.249,4375466.0,0.0,150.0
129,124.037,7.26,3786756.0,0.0,150.0
131,114.11,8.076,4057746.0,0.0,150.0
132,120.934,8.028,2955431.0,0.0,150.0
133,122.762,8.938,1872305.0,0.0,150.0
134,123.601,7.89,6595338.0,0.0,150.0
6,124.565,7.763,3191240.0,7.9,150.0
7,126.777,8.349,4964073.0,7.9,150.0
9,121.125,8.201,2136456.0,7.9,150.0
14,118.206,8.239,3866460.0,7.9,150.0
15,117.646,7.26,3611383.0,7.9,150.0
17,118.362,9.038,3389197.0,7.9,150.0
18,119.612,7.431,4607341.0,7.9,150.0
19,114.263,7.732,3684176.0,7.9,150.0
20,117.973,8.615,2356405.0,7.9,150.0
21,114.446,8.667,3778449.0,7.9,150.0
22,115.01,7.214,3251795.0,7.9,150.0
23,123.126,8.8,3048755.0,7.9,150.0
24,116.907,8.112,2866817.0,7.9,150.0
26,106.032,8.051,3527901.0,7.9,150.0
27,124.322,9.054,3153615.0,7.9,150.0
28,122.524,9.515,3404684.0,7.9,150.0
29,120.359,8.218,4284705.0,7.9,150.0
30,107.697,8.108,2738296.0,7.9,150.0
31,126.591,8.447,3089283.0,7.9,150.0
33,118.641,7.639,4521123.0,7.9,150.0
34,122.773,8.321,5126212.0,7.9,150.0
35,119.835,9.786,3804973.0,7.9,150.0
36,119.088,7.757,5919898.0,7.9,150.0
37,115.859,6.966,3391854.0,7.9,150.0
38,116.669,7.736,2372414.0,7.9,150.0
39,107.709,8.305,2903434.0,7.9,150.0
42,121.872,7.297,4524868.0,7.9,150.0
43,118.48,9.228,3466452.0,7.9,150.0
45,114.69,7.875,1593024.0,7.9,150.0
46,122.099,7.555,2909575.0,7.9,150.0
47,117.596,7.892,2866003.0,7.9,150.0
49,122.686,8.143,3805453.0,7.9,150.0
51,119.346,7.884,3889814.0,7.9,150.0
52,122.935,8.199,2785948.0,7.9,150.0
53,123.465,8.823,2780747.0,7.9,150.0
54,118.747,7.656,4030131.0,7.9,150.0
55,118.038,7.217,2373191.0,7.9,150.0
56,120.044,8.52,2355632.0,7.9,150.0
57,123.771,9.375,2188767.0,7.9,150.0
58,117.545,7.8,2562700.0,7.9,150.0
59,114.676,8.04,2361742.0,7.9,150.0
60,113.979,8.89,1625796.0,7.9,150.0
62,123.031,7.52,2738529.0,7.9,150.0
63,118.042,8.758,4101852.0,7.9,150.0
64,117.461,7.686,3956432.0,7.9,150.0
65,122.109,8.376,2670050.0,7.9,150.0
66,117.689,8.66,3229305.0,7.9,150.0
68,120.811,7.39,3313813.0,7.9,150.0
69,119.215,9.304,2897705.0,7.9,150.0
70,116.927,8.768,4126037.0,7.9,150.0
71,119.176,7.196,3798058.0,7.9,150.0
72,119.642,7.586,3539340.0,7.9,150.0
74,122.233,8.311,5249000.0,7.9,150.0
75,118.67,7.208,4906407.0,7.9,150.0
76,117.892,7.596,4581121.0,7.9,150.0
77,103.81,7.825,1220856.0,7.9,150.0
78,112.127,7.203,3892785.0,7.9,150.0
79,118.246,8.489,1631359.0,7.9,150.0
81,112.547,9.159,3290698.0,7.9,150.0
82,123.023,9.184,3016303.0,7.9,150.0
84,120.526,8.015,6132897.0,7.9,150.0
86,118.856,8.714,3557082.0,7.9,150.0
87,119.822,7.648,4432347.0,7.9,150.0
89,107.0,9.054,3254900.0,7.9,150.0
90,123.259,8.277,4097719.0,7.9,150.0
91,119.889,7.866,5531325.0,7.9,150.0
93,101.887,8.13,2298684.0,7.9,150.0
94,115.481,7.458,3842532.0,7.9,150.0
99,122.072,7.927,2772465.0,7.9,150.0
100,113.546,7.24,1726586.0,7.9,150.0
101,122.486,6.958,2180714.0,7.9,150.0
103,116.126,8.423,2432138.0,7.9,150.0
104,121.588,7.315,3890370.0,7.9,150.0
105,116.588,7.923,4627034.0,7.9,150.0
106,118.599,8.472,2889010.0,7.9,150.0
107,120.681,9.25,4010508.0,7.9,150.0
108,114.856,7.659,2826621.0,7.9,150.0
110,115.634,9.02,3729959.0,7.9,150.0
111,124.542,8.321,4096634.0,7.9,150.0
113,121.69,8.035,4051239.0,7.9,150.0
114,126.488,8.266,4137183.0,7.9,150.0
115,131.551,7.411,2531258.0,7.9,150.0
118,121.25,7.009,2087653.0,7.9,150.0
119,120.521,6.63,2181904.0,7.9,150.0
120,117.003,7.617,3943555.0,7.9,150.0
122,120.994,8.617,3927931.0,7.9,150.0
124,119.506,7.336,3845416.0,7.9,150.0
125,124.097,9.141,3652300.0,7.9,150.0
127,112.965,8.162,4933157.0,7.9,150.0
128,115.822,8.248,4055980.0,7.9,150.0
129,124.034,7.26,3680273.0,7.9,150.0
131,114.108,8.075,3982406.0,7.9,150.0
132,120.942,8.027,2871503.0,7.9,150.0
133,122.762,8.935,1578779.0,7.9,150.0
134,123.602,7.889,6459635.0,7.9,150.0
6,124.565,7.765,2912778.0,15.6,150.0
7,126.777,8.352,4829527.0,15.6,150.0
9,121.14,8.203,2222746.0,15.6,150.0
14,118.213,8.241,3731171.0,15.6,150.0
15,117.65,7.261,3279657.0,15.6,150.0
17,118.363,9.04,3208153.0,15.6,150.0
18,119.616,7.433,4643841.0,15.6,150.0
19,114.265,7.734,3406203.0,15.6,150.0
20,117.975,8.62,2355672.0,15.6,150.0
21,114.443,8.669,3562655.0,15.6,150.0
22,115.012,7.218,3103331.0,15.6,150.0
23,123.118,8.802,2853270.0,15.6,150.0
24,116.906,8.116,2845061.0,15.6,150.0
26,106.034,8.052,3294362.0,15.6,150.0
27,124.327,9.054,3121254.0,15.6,150.0
28,122.528,9.516,3328043.0,15.6,150.0
29,120.363,8.221,4252636.0,15.6,150.0
30,107.668,8.109,2412462.0,15.6,150.0
31,126.59,8.449,2571765.0,15.6,150.0
33,118.631,7.642,4315815.0,15.6,150.0
34,122.766,8.322,4784104.0,15.6,150.0
35,119.845,9.788,3552496.0,15.6,150.0
36,119.061,7.76,5792521.0,15.6,150.0
37,115.856,6.967,3317213.0,15.6,150.0
38,116.673,7.741,2043153.0,15.6,150.0
39,107.722,8.307,3265360.0,15.6,150.0
42,121.878,7.299,4563862.0,15.6,150.0
43,118.486,9.229,3313216.0,15.6,150.0
45,114.681,7.878,1540014.0,15.6,150.0
46,122.089,7.559,2593429.0,15.6,150.0
47,117.607,7.894,2721079.0,15.6,150.0
49,122.698,8.145,3529815.0,15.6,150.0
51,119.348,7.887,3778771.0,15.6,150.0
52,122.923,8.201,2603572.0,15.6,150.0
53,123.474,8.824,2742681.0,15.6,150.0
54,118.788,7.66,3898385.0,15.6,150.0
55,118.032,7.219,2213245.0,15.6,150.0
56,120.029,8.524,2172613.0,15.6,150.0
57,123.762,9.375,2180454.0,15.6,150.0
58,117.55,7.801,2272525.0,15.6,150.0
59,114.707,8.044,2597708.0,15.6,150.0
60,113.951,8.891,1271206.0,15.6,150.0
62,123.035,7.522,2456990.0,15.6,150.0
63,118.042,8.759,3386816.0,15.6,150.0
64,117.456,7.688,3270275.0,15.6,150.0
65,122.086,8.379,2498992.0,15.6,150.0
66,117.698,8.661,3133296.0,15.6,150.0
68,120.819,7.392,3286754.0,15.6,150.0
69,119.236,9.303,2707893.0,15.6,150.0
70,116.931,8.771,3677853.0,15.6,150.0
71,119.178,7.198,3728032.0,15.6,150.0
72,119.632,7.587,3084008.0,15.6,150.0
74,122.233,8.313,4814353.0,15.6,150.0
75,118.669,7.209,4864262.0,15.6,150.0
76,117.897,7.599,4732017.0,15.6,150.0
77,103.796,7.827,1295330.0,15.6,150.0
78,112.126,7.207,3848812.0,15.6,150.0
79,118.225,8.489,1596151.0,15.6,150.0
81,112.558,9.162,3303255.0,15.6,150.0
82,123.021,9.186,2995841.0,15.6,150.0
84,120.522,8.017,5852397.0,15.6,150.0
86,118.852,8.717,3397315.0,15.6,150.0
87,119.814,7.65,4154391.0,15.6,150.0
89,107.006,9.055,3356231.0,15.6,150.0
90,123.259,8.28,3920134.0,15.6,150.0
91,119.894,7.869,5026338.0,15.6,150.0
93,101.913,8.132,2136289.0,15.6,150.0
94,115.476,7.462,3539189.0,15.6,150.0
99,122.093,7.927,2256735.0,15.6,150.0
100,113.564,7.244,1204837.0,15.6,150.0
101,122.521,6.96,1874030.0,15.6,150.0
103,116.118,8.425,2275164.0,15.6,150.0
104,121.582,7.318,3604700.0,15.6,150.0
105,116.579,7.924,4201263.0,15.6,150.0
106,118.587,8.473,2770323.0,15.6,150.0
107,120.68,9.254,3582283.0,15.6,150.0
108,114.861,7.663,2813792.0,15.6,150.0
110,115.634,9.024,3256842.0,15.6,150.0
111,124.533,8.324,3925909.0,15.6,150.0
113,121.7,8.039,4034401.0,15.6,150.0
114,126.488,8.268,3883340.0,15.6,150.0
115,131.555,7.416,2190508.0,15.6,150.0
118,121.269,7.008,2067250.0,15.6,150.0
119,120.526,6.632,1982585.0,15.6,150.0
120,117.005,7.62,3653953.0,15.6,150.0
122,120.997,8.62,3606128.0,15.6,150.0
124,119.504,7.34,3893339.0,15.6,150.0
125,124.091,9.144,3645733.0,15.6,150.0
127,112.969,8.164,4702870.0,15.6,150.0
128,115.82,8.25,3861387.0,15.6,150.0
129,124.042,7.261,3362397.0,15.6,150.0
131,114.112,8.077,3865273.0,15.6,150.0
132,120.942,8.027,2655256.0,15.6,150.0
133,122.765,8.928,1307643.0,15.6,150.0
134,123.6,7.891,5791613.0,15.6,150.0
6,124.548,7.766,2345021.0,30.4,150.0
7,126.773,8.352,4560939.0,30.4,150.0
9,121.149,8.204,2178303.0,30.4,150.0
14,118.218,8.242,3460316.0,30.4,150.0
15,117.653,7.261,3231033.0,30.4,150.0
17,118.36,9.038,2935251.0,30.4,150.0
18,119.615,7.432,4289123.0,30.4,150.0
19,114.273,7.733,3168903.0,30.4,150.0
20,117.961,8.619,2137904.0,30.4,150.0
21,114.434,8.665,3188290.0,30.4,150.0
22,115.017,7.216,2891954.0,30.4,150.0
23,123.128,8.801,2725459.0,30.4,150.0
24,116.916,8.113,2413662.0,30.4,150.0
26,106.039,8.051,2976651.0,30.4,150.0
27,124.317,9.053,2815281.0,30.4,150.0
28,122.523,9.516,3021664.0,30.4,150.0
29,120.37,8.221,3904463.0,30.4,150.0
30,107.656,8.109,2227438.0,30.4,150.0
31,126.597,8.447,2021968.0,30.4,150.0
33,118.633,7.641,4395774.0,30.4,150.0
34,122.767,8.321,4014065.0,30.4,150.0
35,119.85,9.786,3057868.0,30.4,150.0
36,119.068,7.758,5557844.0,30.4,150.0
37,115.852,6.964,3086473.0,30.4,150.0
38,116.651,7.742,2072701.0,30.4,150.0
39,107.735,8.305,2756410.0,30.4,150.0
42,121.889,7.298,4223374.0,30.4,150.0
43,118.486,9.227,2923150.0,30.4,150.0
45,114.642,7.881,1732611.0,30.4,150.0
46,122.101,7.556,2501573.0,30.4,150.0
47,117.605,7.893,2557678.0,30.4,150.0
49,122.707,8.146,3618279.0,30.4,150.0
51,119.352,7.887,3282068.0,30.4,150.0
52,122.922,8.2,2242996.0,30.4,150.0
53,123.482,8.821,2411377.0,30.4,150.0
54,118.776,7.659,3719629.0,30.4,150.0
55,118.004,7.218,1949632.0,30.4,150.0
56,120.036,8.526,1423555.0,30.4,150.0
57,123.732,9.374,1350135.0,30.4,150.0
58,117.534,7.797,1886278.0,30.4,150.0
59,114.71,8.042,1888002.0,30.4,150.0
60,113.982,8.895,874383.0,30.4,150.0
62,123.052,7.522,2057670.0,30.4,150.0
63,118.031,8.756,2383456.0,30.4,150.0
64,117.449,7.688,2648389.0,30.4,150.0
65,122.086,8.374,1903032.0,30.4,150.0
66,117.698,8.658,2748425.0,30.4,150.0
68,120.809,7.392,2637269.0,30.4,150.0
69,119.213,9.305,2360780.0,30.4,150.0
70,116.942,8.769,3400391.0,30.4,150.0
71,119.174,7.198,3355709.0,30.4,150.0
72,119.642,7.582,2602360.0,30.4,150.0
74,122.237,8.313,4401452.0,30.4,150.0
75,118.683,7.207,4607976.0,30.4,150.0
76,117.89,7.597,4345391.0,30.4,150.0
77,103.824,7.824,1087171.0,30.4,150.0
78,112.133,7.205,3300715.0,30.4,150.0
79,118.259,8.489,1562572.0,30.4,150.0
81,112.558,9.162,3084145.0,30.4,150.0
82,123.01,9.185,2702508.0,30.4,150.0
84,120.535,8.015,5096256.0,30.4,150.0
86,118.869,8.714,3172914.0,30.4,150.0
87,119.816,7.65,3796895.0,30.4,150.0
89,107.015,9.055,2898437.0,30.4,150.0
90,123.264,8.279,3556976.0,30.4,150.0
91,119.906,7.869,4637260.0,30.4,150.0
93,101.894,8.127,1821745.0,30.4,150.0
94,115.482,7.461,2974820.0,30.4,150.0
99,122.105,7.934,1853212.0,30.4,150.0
100,113.553,7.234,885166.0,30.4,150.0
101,122.523,6.958,1535445.0,30.4,150.0
103,116.109,8.422,1835977.0,30.4,150.0
104,121.594,7.317,2805615.0,30.4,150.0
105,116.566,7.924,3437042.0,30.4,150.0
106,118.577,8.472,2396808.0,30.4,150.0
107,120.691,9.253,2654791.0,30.4,150.0
108,114.857,7.666,2014355.0,30.4,150.0
110,115.624,9.023,2629522.0,30.4,150.0
111,124.535,8.322,3234706.0,30.4,150.0
113,121.699,8.036,3240127.0,30.4,150.0
114,126.482,8.266,3636774.0,30.4,150.0
115,131.559,7.407,1991295.0,30.4,150.0
118,121.267,7.009,1816961.0,30.4,150.0
119,120.51,6.633,1695802.0,30.4,150.0
120,116.995,7.621,2984686.0,30.4,150.0
122,121.009,8.618,3345802.0,30.4,150.0
124,119.494,7.336,3547808.0,30.4,150.0
125,124.086,9.14,3341327.0,30.4,150.0
127,112.971,8.164,4317344.0,30.4,150.0
128,115.831,8.249,3506683.0,30.4,150.0
129,124.05,7.259,3413698.0,30.4,150.0
131,114.125,8.077,3388048.0,30.4,150.0
132,120.942,8.027,2100928.0,30.4,150.0
133,122.74,8.924,1243319.0,30.4,150.0
134,123.599,7.89,5546155.0,30.4,150.0
6,124.542,7.771,1993161.0,45.6,150.0
7,126.775,8.356,4322455.0,45.6,150.0
9,121.154,8.206,1940769.0,45.6,150.0
14,118.225,8.243,3331858.0,45.6,150.0
15,117.656,7.262,3013603.0,45.6,150.0
17,118.357,9.038,2752694.0,45.6,150.0
18,119.608,7.432,3905316.0,45.6,150.0
19,114.265,7.737,3021680.0,45.6,150.0
20,117.972,8.626,2031099.0,45.6,150.0
21,114.443,8.669,2743145.0,45.6,150.0
22,115.019,7.218,2659753.0,45.6,150.0
23,123.132,8.801,2288487.0,45.6,150.0
24,116.923,8.114,2229549.0,45.6,150.0
26,106.041,8.055,2763727.0,45.6,150.0
27,124.3,9.052,2576682.0,45.6,150.0
28,122.526,9.518,2769766.0,45.6,150.0
29,120.376,8.226,3234931.0,45.6,150.0
30,107.635,8.105,1726183.0,45.6,150.0
31,126.576,8.44,1612241.0,45.6,150.0
33,118.629,7.642,3631972.0,45.6,150.0
34,122.75,8.318,3512304.0,45.6,150.0
35,119.861,9.786,2761900.0,45.6,150.0
36,119.032,7.76,5220461.0,45.6,150.0
37,115.837,6.965,2883663.0,45.6,150.0
38,116.67,7.74,2108721.0,45.6,150.0
39,107.726,8.303,2469872.0,45.6,150.0
42,121.89,7.299,4177835.0,45.6,150.0
43,118.478,9.227,2672182.0,45.6,150.0
45,114.624,7.876,1417172.0,45.6,150.0
46,122.096,7.555,2270403.0,45.6,150.0
47,117.609,7.893,2288887.0,45.6,150.0
49,122.718,8.147,3094703.0,45.6,150.0
51,119.345,7.889,3141514.0,45.6,150.0
52,122.907,8.204,1952516.0,45.6,150.0
53,123.456,8.821,2169826.0,45.6,150.0
54,118.846,7.673,3075977.0,45.6,150.0
55,117.999,7.214,1797904.0,45.6,150.0
56,120.01,8.527,1318665.0,45.6,150.0
57,123.743,9.376,1233736.0,45.6,150.0
58,117.52,7.8,1544555.0,45.6,150.0
59,114.732,8.044,1803576.0,45.6,150.0
60,113.939,8.9,509775.0,45.6,150.0
62,123.037,7.524,1783437.0,45.6,150.0
63,118.005,8.755,1749800.0,45.6,150.0
64,117.444,7.694,1875347.0,45.6,150.0
65,122.105,8.376,1588264.0,45.6,150.0
66,117.73,8.658,2563842.0,45.6,150.0
68,120.824,7.394,2394275.0,45.6,150.0
69,119.207,9.308,1991831.0,45.6,150.0
70,116.958,8.771,3183842.0,45.6,150.0
71,119.163,7.201,2874679.0,45.6,150.0
72,119.639,7.583,2318966.0,45.6,150.0
74,122.243,8.315,4034255.0,45.6,150.0
75,118.687,7.208,3780056.0,45.6,150.0
76,117.892,7.598,4013979.0,45.6,150.0
77,103.816,7.827,1233692.0,45.6,150.0
78,112.141,7.208,3263532.0,45.6,150.0
79,118.242,8.489,1279512.0,45.6,150.0
81,112.559,9.162,2816489.0,45.6,150.0
82,123.024,9.187,2591392.0,45.6,150.0
84,120.542,8.017,4210828.0,45.6,150.0
86,118.866,8.717,2872343.0,45.6,150.0
87,119.823,7.653,3352392.0,45.6,150.0
89,107.028,9.058,2843967.0,45.6,150.0
90,123.264,8.28,3378503.0,45.6,150.0
91,119.915,7.872,4149930.0,45.6,150.0
93,101.862,8.128,1600870.0,45.6,150.0
94,115.485,7.467,2703092.0,45.6,150.0
99,122.13,7.935,1580529.0,45.6,150.0
100,113.417,7.238,411407.0,45.6,150.0
101,122.523,6.968,1204351.0,45.6,150.0
103,116.067,8.421,1582499.0,45.6,150.0
104,121.628,7.319,2366753.0,45.6,150.0
105,116.563,7.928,2863760.0,45.6,150.0
106,118.554,8.472,2153064.0,45.6,150.0
107,120.693,9.256,2026939.0,45.6,150.0
108,114.879,7.67,1780190.0,45.6,150.0
110,115.621,9.027,2226812.0,45.6,150.0
111,124.524,8.323,2886960.0,45.6,150.0
113,121.71,8.038,2865964.0,45.6,150.0
114,126.475,8.267,3338945.0,45.6,150.0
115,131.542,7.41,1630600.0,45.6,150.0
118,121.254,7.012,1583367.0,45.6,150.0
119,120.532,6.629,1474839.0,45.6,150.0
120,117.014,7.623,2330331.0,45.6,150.0
122,121.0,8.618,3079740.0,45.6,150.0
124,119.481,7.337,2987540.0,45.6,150.0
125,124.085,9.144,3105586.0,45.6,150.0
127,112.973,8.166,4118276.0,45.6,150.0
128,115.818,8.251,3374067.0,45.6,150.0
129,124.049,7.262,2928943.0,45.6,150.0
131,114.126,8.079,3064092.0,45.6,150.0
132,120.942,8.027,1803898.0,45.6,150.0
133,122.709,8.929,885734.0,45.6,150.0
134,123.593,7.892,4852997.0,45.6,150.0
6,124.522,7.778,1330752.0,75.7,150.0
7,126.766,8.359,3747151.0,75.7,150.0
9,121.169,8.205,1781608.0,75.7,150.0
14,118.233,8.241,2801275.0,75.7,150.0
15,117.667,7.261,2631610.0,75.7,150.0
17,118.374,9.035,2263483.0,75.7,150.0
18,119.605,7.431,3736373.0,75.7,150.0
19,114.266,7.737,2539354.0,75.7,150.0
20,117.954,8.628,1502131.0,75.7,150.0
21,114.431,8.665,2205307.0,75.7,150.0
22,115.004,7.215,2329291.0,75.7,150.0
23,123.127,8.801,2067177.0,75.7,150.0
24,116.944,8.116,1706602.0,75.7,150.0
26,106.055,8.052,2213164.0,75.7,150.0
27,124.293,9.047,2131690.0,75.7,150.0
28,122.522,9.516,2320348.0,75.7,150.0
29,120.4,8.23,2839809.0,75.7,150.0
30,107.616,8.1,1085241.0,75.7,150.0
31,126.562,8.436,1165740.0,75.7,150.0
33,118.634,7.641,3365343.0,75.7,150.0
34,122.723,8.32,2859662.0,75.7,150.0
35,119.884,9.786,2170465.0,75.7,150.0
36,119.033,7.759,4979407.0,75.7,150.0
37,115.828,6.964,2572524.0,75.7,150.0
38,116.663,7.738,1625294.0,75.7,150.0
39,107.714,8.301,1942427.0,75.7,150.0
42,121.896,7.298,3420078.0,75.7,150.0
43,118.466,9.221,2117511.0,75.7,150.0
45,114.62,7.878,1377772.0,75.7,150.0
46,122.086,7.554,1977668.0,75.7,150.0
47,117.591,7.893,1926575.0,75.7,150.0
49,122.748,8.147,2903301.0,75.7,150.0
51,119.348,7.892,2626250.0,75.7,150.0
52,122.896,8.214,1576203.0,75.7,150.0
53,123.468,8.815,1805033.0,75.7,150.0
54,118.823,7.673,2562959.0,75.7,150.0
55,117.959,7.209,1257306.0,75.7,150.0
56,120.019,8.52,702238.0,75.7,150.0
57,123.7,9.375,1059691.0,75.7,150.0
58,117.598,7.794,841522.0,75.7,150.0
59,114.764,8.041,1340401.0,75.7,150.0
62,123.031,7.524,1245261.0,75.7,150.0
63,117.997,8.754,897303.0,75.7,150.0
64,117.42,7.694,1223296.0,75.7,150.0
66,117.761,8.659,1914545.0,75.7,150.0
68,120.84,7.393,1922435.0,75.7,150.0
69,119.188,9.305,1347348.0,75.7,150.0
70,116.988,8.77,2536114.0,75.7,150.0
71,119.078,7.202,2492636.0,75.7,150.0
72,119.621,7.577,1473201.0,75.7,150.0
74,122.252,8.315,3197192.0,75.7,150.0
75,118.737,7.203,3504280.0,75.7,150.0
76,117.877,7.596,3299262.0,75.7,150.0
77,103.813,7.823,1057987.0,75.7,150.0
78,112.139,7.208,2691293.0,75.7,150.0
79,118.225,8.487,1367372.0,75.7,150.0
81,112.564,9.159,2369797.0,75.7,150.0
82,123.018,9.186,2251379.0,75.7,150.0
84,120.55,8.015,3406580.0,75.7,150.0
86,118.865,8.714,2688338.0,75.7,150.0
87,119.828,7.653,2973830.0,75.7,150.0
89,107.051,9.058,2228328.0,75.7,150.0
90,123.256,8.277,3043616.0,75.7,150.0
91,119.93,7.873,3214269.0,75.7,150.0
93,101.832,8.125,1091922.0,75.7,150.0
94,115.498,7.467,1802065.0,75.7,150.0
99,122.187,7.932,1358480.0,75.7,150.0
101,122.572,6.96,906494.0,75.7,150.0
103,115.986,8.413,923582.0,75.7,150.0
104,121.626,7.323,1586116.0,75.7,150.0
105,116.565,7.911,2166297.0,75.7,150.0
106,118.549,8.475,1748985.0,75.7,150.0
107,120.711,9.256,1232178.0,75.7,150.0
108,114.87,7.679,1122602.0,75.7,150.0
110,115.62,9.027,1486463.0,75.7,150.0
111,124.502,8.324,2297456.0,75.7,150.0
113,121.728,8.039,2081548.0,75.7,150.0
114,126.471,8.267,2734851.0,75.7,150.0
115,131.536,7.398,1250904.0,75.7,150.0
118,121.278,7.009,1331122.0,75.7,150.0
119,120.53,6.629,1173231.0,75.7,150.0
120,117.013,7.625,1742252.0,75.7,150.0
122,121.021,8.613,2498407.0,75.7,150.0
124,119.471,7.333,2578441.0,75.7,150.0
125,124.077,9.14,2729145.0,75.7,150.0
127,112.978,8.165,3362548.0,75.7,150.0
128,115.82,8.252,2755690.0,75.7,150.0
129,124.053,7.26,2576996.0,75.7,150.0
131,114.143,8.08,2784170.0,75.7,150.0
132,120.942,8.027,1068131.0,75.7,150.0
133,122.645,8.915,472598.0,75.7,150.0
134,123.596,7.891,4071776.0,75.7,150.0
6,124.455,7.789,1090097.0,105.5,150.0
7,126.765,8.363,3478104.0,105.5,150.0
9,121.173,8.21,1928253.0,105.5,150.0
14,118.237,8.243,2676248.0,105.5,150.0
15,117.63,7.261,2447277.0,105.5,150.0
17,118.357,9.035,1887973.0,105.5,150.0
18,119.617,7.431,3249033.0,105.5,150.0
19,114.265,7.737,2314015.0,105.5,150.0
20,117.966,8.626,1389312.0,105.5,150.0
21,114.424,8.663,1591170.0,105.5,150.0
22,115.016,7.214,1934268.0,105.5,150.0
23,123.127,8.799,1798409.0,105.5,150.0
24,116.957,8.117,1383189.0,105.5,150.0
26,106.073,8.056,1850957.0,105.5,150.0
27,124.277,9.046,2014247.0,105.5,150.0
28,122.526,9.516,1976037.0,105.5,150.0
29,120.438,8.237,2095743.0,105.5,150.0
30,107.54,8.089,732460.0,105.5,150.0
31,126.526,8.436,780962.0,105.5,150.0
33,118.633,7.643,2925225.0,105.5,150.0
34,122.72,8.32,2246204.0,105.5,150.0
35,119.922,9.784,1954133.0,105.5,150.0
36,119.005,7.76,4278952.0,105.5,150.0
37,115.821,6.966,2302264.0,105.5,150.0
38,116.684,7.741,1463268.0,105.5,150.0
39,107.727,8.303,1729140.0,105.5,150.0
42,121.903,7.296,2960322.0,105.5,150.0
43,118.454,9.22,1714730.0,105.5,150.0
45,114.6,7.875,1429575.0,105.5,150.0
46,122.09,7.555,1745615.0,105.5,150.0
47,117.6,7.89,1766796.0,105.5,150.0
49,122.762,8.15,2552873.0,105.5,150.0
51,119.371,7.899,1996196.0,105.5,150.0
52,122.9,8.21,1501702.0,105.5,150.0
53,123.448,8.816,1347034.0,105.5,150.0
55,117.942,7.217,1233234.0,105.5,150.0
56,119.959,8.536,703974.0,105.5,150.0
57,123.715,9.376,588908.0,105.5,150.0
58,117.551,7.805,542279.0,105.5,150.0
59,114.76,8.039,1051727.0,105.5,150.0
62,123.053,7.534,812026.0,105.5,150.0
63,117.959,8.761,524818.0,105.5,150.0
64,117.396,7.7,726132.0,105.5,150.0
66,117.894,8.641,1432040.0,105.5,150.0
68,120.861,7.399,1162605.0,105.5,150.0
69,119.19,9.308,1108909.0,105.5,150.0
70,117.01,8.773,1920726.0,105.5,150.0
71,119.096,7.203,2204673.0,105.5,150.0
72,119.592,7.574,1210247.0,105.5,150.0
74,122.273,8.321,2940575.0,105.5,150.0
75,118.735,7.205,3262992.0,105.5,150.0
76,117.868,7.599,3063704.0,105.5,150.0
77,103.811,7.829,939685.0,105.5,150.0
78,112.149,7.209,2531642.0,105.5,150.0
79,118.242,8.489,1193106.0,105.5,150.0
81,112.554,9.16,2032328.0,105.5,150.0
82,123.036,9.189,1917666.0,105.5,150.0
84,120.554,8.018,2934282.0,105.5,150.0
86,118.86,8.713,2117919.0,105.5,150.0
87,119.826,7.655,2340168.0,105.5,150.0
89,107.068,9.058,1960272.0,105.5,150.0
90,123.248,8.281,2606760.0,105.5,150.0
91,119.963,7.877,2728691.0,105.5,150.0
93,101.843,8.131,766835.0,105.5,150.0
94,115.501,7.479,1502207.0,105.5,150.0
99,122.194,7.932,697689.0,105.5,150.0
101,122.605,6.952,644053.0,105.5,150.0
103,115.973,8.422,726885.0,105.5,150.0
104,121.66,7.325,1197264.0,105.5,150.0
105,116.577,7.903,1519354.0,105.5,150.0
106,118.532,8.475,1607476.0,105.5,150.0
107,120.722,9.263,745966.0,105.5,150.0
108,114.89,7.659,834703.0,105.5,150.0
110,115.603,9.035,1058761.0,105.5,150.0
111,124.497,8.324,1792238.0,105.5,150.0
113,121.75,8.038,1644226.0,105.5,150.0
114,126.48,8.267,2292419.0,105.5,150.0
115,131.52,7.379,836756.0,105.5,150.0
118,121.285,7.011,1163690.0,105.5,150.0
119,120.552,6.627,800549.0,105.5,150.0
120,117.015,7.631,1156293.0,105.5,150.0
122,121.017,8.614,2275182.0,105.5,150.0
124,119.45,7.334,2209998.0,105.5,150.0
125,124.07,9.141,2318700.0,105.5,150.0
127,112.991,8.166,3096702.0,105.5,150.0
128,115.821,8.25,2337230.0,105.5,150.0
129,124.07,7.261,2351678.0,105.5,150.0
131,114.145,8.08,2287136.0,105.5,150.0
132,120.942,8.027,862755.0,105.5,150.0
133,122.738,8.906,469118.0,105.5,150.0
134,123.586,7.893,3384701.0,105.5,150.0
6,124.451,7.796,748839.0,135.5,150.0
7,126.752,8.365,3154153.0,135.5,150.0
9,121.214,8.21,1717301.0,135.5,150.0
14,118.254,8.241,2328938.0,135.5,150.0
15,117.625,7.261,2230961.0,135.5,150.0
17,118.363,9.029,1647159.0,135.5,150.0
18,119.585,7.431,2765244.0,135.5,150.0
19,114.262,7.739,1811123.0,135.5,150.0
20,117.923,8.641,1352951.0,135.5,150.0
21,114.403,8.661,1413752.0,135.5,150.0
22,115.03,7.212,1706988.0,135.5,150.0
23,123.117,8.796,1475250.0,135.5,150.0
24,116.956,8.12,1163505.0,135.5,150.0
26,106.076,8.053,1650678.0,135.5,150.0
27,124.281,9.041,1448421.0,135.5,150.0
28,122.526,9.518,1493633.0,135.5,150.0
29,120.421,8.24,1889608.0,135.5,150.0
33,118.648,7.644,2384419.0,135.5,150.0
34,122.651,8.318,1834644.0,135.5,150.0
35,119.91,9.785,1612818.0,135.5,150.0
36,119.017,7.758,3893489.0,135.5,150.0
37,115.807,6.965,2186352.0,135.5,150.0
38,116.675,7.744,1427484.0,135.5,150.0
39,107.761,8.304,1549518.0,135.5,150.0
42,121.911,7.296,2391462.0,135.5,150.0
43,118.454,9.215,1377409.0,135.5,150.0
45,114.512,7.871,1174125.0,135.5,150.0
46,122.081,7.552,1509346.0,135.5,150.0
47,117.59,7.89,1359236.0,135.5,150.0
49,122.762,8.149,1974604.0,135.5,150.0
51,119.381,7.899,1746705.0,135.5,150.0
52,122.839,8.216,1233673.0,135.5,150.0
53,123.48,8.81,1271269.0,135.5,150.0
55,117.83,7.21,1105188.0,135.5,150.0
57,123.68,9.381,520358.0,135.5,150.0
58,117.547,7.791,676732.0,135.5,150.0
59,114.75,8.04,848541.0,135.5,150.0
62,123.129,7.55,498767.0,135.5,150.0
64,117.387,7.699,496001.0,135.5,150.0
68,120.847,7.395,1091638.0,135.5,150.0
69,119.116,9.301,791831.0,135.5,150.0
70,117.022,8.776,1500683.0,135.5,150.0
72,119.524,7.576,1298859.0,135.5,150.0
74,122.266,8.322,2340304.0,135.5,150.0
75,118.74,7.203,2999241.0,135.5,150.0
76,117.857,7.598,2388908.0,135.5,150.0
77,103.854,7.825,852682.0,135.5,150.0
78,112.134,7.21,2438253.0,135.5,150.0
79,118.259,8.489,1510011.0,135.5,150.0
81,112.592,9.164,1616630.0,135.5,150.0
82,123.023,9.186,1636194.0,135.5,150.0
84,120.537,8.014,2501744.0,135.5,150.0
86,118.868,8.712,1908731.0,135.5,150.0
87,119.83,7.658,2058006.0,135.5,150.0
89,107.081,9.057,1585000.0,135.5,150.0
90,123.236,8.279,2222015.0,135.5,150.0
91,119.969,7.879,2252013.0,135.5,150.0
93,101.758,8.119,689880.0,135.5,150.0
94,115.506,7.479,1224440.0,135.5,150.0
99,122.131,7.927,582455.0,135.5,150.0
101,122.624,6.952,425805.0,135.5,150.0
103,116.026,8.407,512079.0,135.5,150.0
104,121.643,7.33,782489.0,135.5,150.0
105,116.567,7.908,1230099.0,135.5,150.0
106,118.532,8.473,1325427.0,135.5,150.0
107,120.717,9.253,565658.0,135.5,150.0
108,114.862,7.696,586652.0,135.5,150.0
110,115.616,9.028,815641.0,135.5,150.0
111,124.466,8.326,1333010.0,135.5,150.0
113,121.769,8.044,1228523.0,135.5,150.0
114,126.481,8.265,2094611.0,135.5,150.0
115,131.523,7.385,931466.0,135.5,150.0
118,121.284,7.005,1043254.0,135.5,150.0
119,120.535,6.625,663078.0,135.5,150.0
120,117.032,7.64,983777.0,135.5,150.0
122,121.021,8.612,2012826.0,135.5,150.0
124,119.407,7.325,1853487.0,135.5,150.0
125,124.074,9.139,1974232.0,135.5,150.0
127,112.969,8.166,2489646.0,135.5,150.0
128,115.816,8.251,2176884.0,135.5,150.0
129,124.065,7.258,1935626.0,135.5,150.0
131,114.156,8.084,2110379.0,135.5,150.0
132,120.942,8.027,725695.0,135.5,150.0
134,123.564,7.891,3009312.0,135.5,150.0
6,124.344,7.805,602983.0,150.0,150.0
7,126.754,8.37,3276547.0,150.0,150.0
9,121.236,8.218,1670265.0,150.0,150.0
14,118.26,8.245,2165126.0,150.0,150.0
15,117.63,7.264,2029690.0,150.0,150.0
17,118.352,9.032,1573459.0,150.0,150.0
18,119.604,7.434,2736378.0,150.0,150.0
19,114.262,7.744,1567441.0,150.0,150.0
20,117.908,8.643,1173533.0,150.0,150.0
21,114.41,8.665,1242537.0,150.0,150.0
22,114.993,7.215,1156707.0,150.0,150.0
23,123.129,8.796,1557958.0,150.0,150.0
24,116.961,8.115,1180498.0,150.0,150.0
26,106.071,8.06,1593706.0,150.0,150.0
27,124.275,9.045,1490586.0,150.0,150.0
28,122.528,9.522,1536453.0,150.0,150.0
29,120.442,8.244,1804646.0,150.0,150.0
33,118.639,7.646,2067072.0,150.0,150.0
34,122.669,8.319,1810419.0,150.0,150.0
35,119.926,9.787,1564266.0,150.0,150.0
36,119.018,7.762,3789661.0,150.0,150.0
37,115.809,6.967,1981442.0,150.0,150.0
38,116.713,7.742,1228664.0,150.0,150.0
39,107.736,8.306,1495845.0,150.0,150.0
42,121.907,7.299,2526486.0,150.0,150.0
43,118.453,9.22,1407277.0,150.0,150.0
45,114.532,7.874,1073872.0,150.0,150.0
46,122.113,7.558,1407602.0,150.0,150.0
47,117.582,7.888,1437179.0,150.0,150.0
49,122.775,8.156,1976169.0,150.0,150.0
51,119.377,7.905,1815582.0,150.0,150.0
52,122.874,8.212,1032160.0,150.0,150.0
53,123.404,8.81,1117985.0,150.0,150.0
55,117.813,7.207,986079.0,150.0,150.0
56,119.978,8.538,468583.0,150.0,150.0
57,123.614,9.381,509214.0,150.0,150.0
58,117.829,7.802,574326.0,150.0,150.0
59,114.777,8.043,725346.0,150.0,150.0
62,123.054,7.532,579414.0,150.0,150.0
64,117.41,7.71,504053.0,150.0,150.0
68,120.867,7.407,861385.0,150.0,150.0
69,119.189,9.312,679066.0,150.0,150.0
70,117.028,8.784,1574496.0,150.0,150.0
74,122.28,8.326,2603771.0,150.0,150.0
75,118.753,7.205,2813630.0,150.0,150.0
76,117.866,7.603,2407367.0,150.0,150.0
77,103.859,7.834,930307.0,150.0,150.0
78,112.153,7.214,2189622.0,150.0,150.0
79,118.225,8.49,1091854.0,150.0,150.0
81,112.578,9.165,1552521.0,150.0,150.0
82,123.033,9.191,1818594.0,150.0,150.0
84,120.557,8.018,2475287.0,150.0,150.0
86,118.883,8.715,1848464.0,150.0,150.0
87,119.821,7.663,2177646.0,150.0,150.0
89,107.088,9.063,1353072.0,150.0,150.0
90,123.238,8.28,2000976.0,150.0,150.0
91,119.991,7.886,2051171.0,150.0,150.0
93,101.796,8.115,488246.0,150.0,150.0
94,115.511,7.491,1378917.0,150.0,150.0
99,122.33,7.944,603984.0,150.0,150.0
103,115.909,8.398,594670.0,150.0,150.0
105,116.556,7.905,1304346.0,150.0,150.0
106,118.532,8.473,1178649.0,150.0,150.0
108,114.766,7.707,541568.0,150.0,150.0
110,115.638,9.032,792377.0,150.0,150.0
111,124.465,8.326,1332385.0,150.0,150.0
113,121.793,8.043,1157632.0,150.0,150.0
114,126.475,8.27,2024123.0,150.0,150.0
115,131.53,7.371,706422.0,150.0,150.0
118,121.321,6.996,864653.0,150.0,150.0
119,120.682,6.642,458030.0,150.0,150.0
120,117.089,7.634,613809.0,150.0,150.0
122,121.035,8.615,1744173.0,150.0,150.0
124,119.392,7.333,1751621.0,150.0,150.0
125,124.062,9.145,1775703.0,150.0,150.0
127,112.995,8.17,2273335.0,150.0,150.0
128,115.811,8.258,1886922.0,150.0,150.0
129,124.065,7.263,1706316.0,150.0,150.0
131,114.16,8.087,1927901.0,150.0,150.0
134,123.583,7.896,2749665.0,150.0,150.0
