residue,15N,1H,intensity,tit,obs
68,121.823,8.057,6677100,0,500
69,125.456,8.542,3811299,0,500
70,126.291,8.444,7427505,0,500
71,124.209,8.308,4224090,0,500
72,123.055,8.426,7292134,0,500
73,116.784,8.235,5186932,0,500
74,119.925,7.61,9219982,0,500
75,124.254,8.74,6588400,0,500
76,120.834,7.907,10442544,0,500
77,123.819,8.354,9943872,0,500
78,122.23,8.205,7984588,0,500
79,124.153,9.154,8122038,0,500
80,125.727,8.43,5561996,0,500
81,121.552,7.745,8665760,0,500
83,115.722,2.831,4576486,0,500
84,118.504,8.128,7703873,0,500
85,122.108,9.342,7417056,0,500
87,113.984,8.497,10106686,0,500
88,121.837,8.007,8372262,0,500
89,121.477,7.093,11683217,0,500
90,122.902,8.695,9661328,0,500
91,126.253,8.521,11355866,0,500
92,129.287,9.283,12164704,0,500
93,126.254,8.632,12931740,0,500
94,132.087,8.741,13279324,0,500
95,114.63,8.518,8214937,0,500
96,123.061,8.208,10688435,0,500
97,118.24,7.56,13754209,0,500
98,123.886,8.951,9372940,0,500
99,127.762,9.458,7375664,0,500
100,124.719,9.315,7628973,0,500
101,128.563,8.897,7202876,0,500
102,114.055,7.028,5024534,0,500
103,124.261,7.918,7374574,0,500
104,124.487,9.168,5032048,0,500
105,123.927,8.988,7558542,0,500
106,122.559,8.768,7033012,0,500
107,126.208,8.861,7192906,0,500
108,123.418,8.673,10631154,0,500
109,129.191,8.869,7200080,0,500
110,117.223,8.971,2446278,0,500
111,117.036,7.754,5028488,0,500
112,108.815,7.395,8792677,0,500
113,123.137,8.63,9177103,0,500
114,122.113,9.366,7818110,0,500
115,123.301,8.815,6439288,0,500
116,117.096,6.047,2237059,0,500
117,120.936,8.904,5688773,0,500
118,123.746,9.139,5088191,0,500
119,120.099,8.321,4339076,0,500
120,129.663,9.517,4682670,0,500
121,124.854,8.795,12098972,0,500
122,122.808,9.324,5020864,0,500
123,123.802,8.797,11278136,0,500
124,127.499,8.311,6366144,0,500
126,122.439,8.328,7387254,0,500
127,114.075,8.06,12690703,0,500
128,121.011,7.361,16242152,0,500
129,128.555,8.649,11032754,0,500
131,116.085,8.246,11526591,0,500
132,108.043,7.918,8605650,0,500
133,123.021,6.826,7729769,0,500
134,121.199,9.061,10309921,0,500
135,114.304,8.314,11615223,0,500
136,115.658,8.724,11715460,0,500
137,127.546,8.482,5439490,0,500
138,123.324,8.809,5937731,0,500
140,118.719,7.974,5028246,0,500
141,108.87,7.76,13733465,0,500
142,119.187,7.457,10880748,0,500
143,135.329,9.325,6524958,0,500
144,124.915,9.174,6266646,0,500
145,128.563,8.674,13541465,0,500
146,123.319,8.924,9574355,0,500
147,107.514,8.451,6841018,0,500
149,120.758,7.933,9654745,0,500
150,124.645,8.755,8047462,0,500
151,124.075,8.48,10451626,0,500
152,126.728,7.737,56396756,0,500
68,121.823,8.057,6174616,5,500
69,125.456,8.542,3699974,5,500
70,126.291,8.444,7541698,5,500
71,124.209,8.308,4085262,5,500
72,123.055,8.426,7013591,5,500
73,116.784,8.235,4789114,5,500
74,119.925,7.61,8945441,5,500
75,124.254,8.74,6369660,5,500
76,120.834,7.907,10087179,5,500
77,123.819,8.354,9633748,5,500
78,122.23,8.205,7843788,5,500
79,124.153,9.154,8493596,5,500
80,125.727,8.43,5226879,5,500
81,121.552,7.745,8454057,5,500
83,115.765,2.83,4405760,5,500
84,118.504,8.128,7239563,5,500
85,122.108,9.342,8016624,5,500
87,113.984,8.497,9379537,5,500
88,121.837,8.007,8020914,5,500
89,121.477,7.093,11302635,5,500
90,122.902,8.695,8913196,5,500
91,126.253,8.521,10771921,5,500
92,129.287,9.283,10949491,5,500
93,126.254,8.632,12038038,5,500
94,132.087,8.741,12870841,5,500
95,114.63,8.518,7444261,5,500
96,123.061,8.208,10462905,5,500
97,118.24,7.56,13601488,5,500
98,123.886,8.951,9423409,5,500
99,127.762,9.458,7325081,5,500
100,124.719,9.315,7176218,5,500
101,128.563,8.897,7108552,5,500
102,114.055,7.028,5003933,5,500
103,124.261,7.918,7400224,5,500
104,124.487,9.168,5060119,5,500
105,123.927,8.988,7746578,5,500
106,122.559,8.768,6839538,5,500
107,126.208,8.861,6835384,5,500
108,123.418,8.673,10091802,5,500
109,129.191,8.869,7362070,5,500
110,117.223,8.971,2475673,5,500
111,117.036,7.754,5220560,5,500
112,108.815,7.395,8642150,5,500
113,123.137,8.63,9073012,5,500
114,122.113,9.366,7680376,5,500
115,123.301,8.815,6065532,5,500
116,117.096,6.047,2213630,5,500
117,120.936,8.904,5836804,5,500
118,123.746,9.139,5035723,5,500
119,120.099,8.321,3837131,5,500
120,129.663,9.517,4338802,5,500
121,124.854,8.795,11785629,5,500
122,122.808,9.324,4594914,5,500
123,123.802,8.797,11163932,5,500
124,127.499,8.311,6133181,5,500
126,122.439,8.328,7669336,5,500
127,114.075,8.06,11865553,5,500
128,121.011,7.361,15779521,5,500
129,128.555,8.649,10924388,5,500
131,116.085,8.246,11385942,5,500
132,108.043,7.918,8567414,5,500
133,123.021,6.826,7403640,5,500
134,121.199,9.061,9435942,5,500
135,114.304,8.314,11451202,5,500
136,115.658,8.724,10625915,5,500
137,127.546,8.482,5369278,5,500
138,123.324,8.809,5857378,5,500
140,118.719,7.974,4616568,5,500
141,108.87,7.76,13055708,5,500
142,119.187,7.457,10669781,5,500
143,135.329,9.325,6338572,5,500
144,124.915,9.174,6163714,5,500
145,128.563,8.674,13379305,5,500
146,123.319,8.924,9391410,5,500
147,107.514,8.451,6142194,5,500
149,120.758,7.933,9291230,5,500
150,124.645,8.755,7832982,5,500
151,124.075,8.48,10267775,5,500
152,126.728,7.737,56815940,5,500
68,121.823,8.057,6219427,12.5,500
69,125.456,8.542,3569584,12.5,500
70,126.291,8.444,6828399,12.5,500
71,124.209,8.308,4496384,12.5,500
72,123.055,8.426,6514100,12.5,500
73,116.784,8.235,5112055,12.5,500
74,119.925,7.61,8182224,12.5,500
75,124.254,8.74,5875950,12.5,500
76,120.834,7.907,8989562,12.5,500
77,123.819,8.354,9606220,12.5,500
78,122.23,8.205,7882884,12.5,500
79,124.153,9.154,8504922,12.5,500
80,125.727,8.43,5154325,12.5,500
81,121.552,7.745,7987150,12.5,500
83,115.765,2.833,4745622,12.5,500
84,118.504,8.128,7275172,12.5,500
85,122.108,9.342,7427147,12.5,500
87,113.984,8.497,9335892,12.5,500
88,121.837,8.007,7776332,12.5,500
89,121.477,7.093,11503617,12.5,500
90,122.902,8.695,7689680,12.5,500
91,126.253,8.521,9602567,12.5,500
92,129.287,9.283,8388962,12.5,500
93,126.254,8.632,9772135,12.5,500
94,132.087,8.741,12360610,12.5,500
95,114.63,8.518,7043925,12.5,500
96,123.061,8.208,9354218,12.5,500
97,118.24,7.56,13243063,12.5,500
98,123.886,8.951,8801137,12.5,500
99,127.762,9.458,6697115,12.5,500
100,124.719,9.315,7116686,12.5,500
101,128.563,8.897,7155939,12.5,500
102,114.055,7.028,4079281,12.5,500
103,124.261,7.918,7245680,12.5,500
104,124.487,9.168,5428846,12.5,500
105,123.927,8.988,7614606,12.5,500
106,122.559,8.768,6984746,12.5,500
107,126.208,8.861,6824634,12.5,500
108,123.418,8.673,10004400,12.5,500
109,129.191,8.869,7138449,12.5,500
110,117.223,8.971,2462394,12.5,500
111,117.036,7.754,4967166,12.5,500
112,108.815,7.395,8633945,12.5,500
113,123.137,8.63,8887714,12.5,500
114,122.113,9.366,7570056,12.5,500
115,123.301,8.815,6094760,12.5,500
116,117.096,6.047,2423350,12.5,500
117,120.936,8.904,5869464,12.5,500
118,123.746,9.139,5018734,12.5,500
119,120.099,8.321,3861289,12.5,500
120,129.663,9.517,4586247,12.5,500
121,124.854,8.795,11831423,12.5,500
122,122.808,9.324,4300530,12.5,500
123,123.802,8.797,11240586,12.5,500
124,127.499,8.311,5051908,12.5,500
126,122.439,8.328,7480727,12.5,500
127,114.075,8.06,10770424,12.5,500
128,121.011,7.361,14315230,12.5,500
129,128.555,8.649,10315924,12.5,500
131,116.085,8.246,11029371,12.5,500
132,108.043,7.918,8142842,12.5,500
133,123.021,6.826,7144666,12.5,500
134,121.199,9.061,7836310,12.5,500
135,114.304,8.314,10327490,12.5,500
136,115.658,8.724,9082932,12.5,500
137,127.546,8.482,4992420,12.5,500
138,123.324,8.809,5829586,12.5,500
140,118.719,7.974,4333834,12.5,500
141,108.87,7.76,12797201,12.5,500
142,119.187,7.457,11113182,12.5,500
143,135.329,9.325,6099310,12.5,500
144,124.915,9.174,5099748,12.5,500
145,128.563,8.674,13620011,12.5,500
146,123.319,8.924,9211069,12.5,500
147,107.514,8.451,5726886,12.5,500
149,120.758,7.933,8423953,12.5,500
150,124.645,8.755,6937508,12.5,500
151,124.075,8.48,10422309,12.5,500
152,126.728,7.737,55619436,12.5,500
68,121.823,8.057,5677506,25,500
69,125.456,8.542,3397283,25,500
70,126.291,8.444,5827587,25,500
71,124.209,8.308,4098779,25,500
72,123.055,8.426,6073090,25,500
73,116.784,8.235,4364470,25,500
74,119.925,7.61,7233321,25,500
75,124.254,8.74,5219180,25,500
76,120.834,7.907,7378588,25,500
77,123.819,8.354,8973307,25,500
78,122.23,8.205,7597604,25,500
79,124.153,9.154,6922073,25,500
80,125.727,8.43,4642325,25,500
81,121.552,7.745,7474398,25,500
83,115.765,2.833,4219660,25,500
84,118.504,8.128,6609321,25,500
85,122.108,9.342,7375688,25,500
87,113.984,8.497,9233664,25,500
88,121.837,8.007,7249588,25,500
89,121.477,7.093,9915946,25,500
90,122.902,8.695,5551494,25,500
91,126.253,8.521,7321651,25,500
92,129.287,9.283,6021010,25,500
93,126.254,8.632,7104522,25,500
94,132.087,8.741,11463716,25,500
95,114.63,8.518,5801052,25,500
96,123.061,8.208,8129768,25,500
97,118.24,7.56,12759013,25,500
98,123.886,8.951,9129411,25,500
99,127.762,9.458,6144480,25,500
100,124.719,9.315,6807018,25,500
101,128.563,8.897,6710264,25,500
102,114.055,7.028,3864107,25,500
103,124.261,7.918,6208814,25,500
104,124.487,9.168,5187805,25,500
105,123.927,8.988,7370517,25,500
106,122.559,8.768,6606523,25,500
107,126.208,8.861,6353045,25,500
108,123.418,8.673,9524702,25,500
109,129.191,8.869,6532510,25,500
110,117.223,8.971,2414210,25,500
111,117.036,7.754,4731566,25,500
112,108.815,7.395,8410325,25,500
113,123.137,8.63,8420121,25,500
114,122.113,9.366,6901409,25,500
115,123.301,8.815,5945761,25,500
116,117.096,6.047,2154938,25,500
117,120.936,8.904,5713455,25,500
118,123.746,9.139,4633661,25,500
119,120.045,8.312,3488461,25,500
120,129.663,9.517,4376618,25,500
121,124.854,8.795,11177349,25,500
122,122.808,9.324,3627386,25,500
123,123.802,8.797,10814579,25,500
124,127.499,8.311,4023920,25,500
126,122.439,8.328,7270115,25,500
127,114.075,8.06,9446151,25,500
128,121.011,7.361,12273340,25,500
129,128.555,8.649,8753024,25,500
131,116.085,8.246,9603679,25,500
132,108.043,7.918,7854265,25,500
133,123.021,6.826,5863934,25,500
134,121.199,9.061,5925124,25,500
135,114.304,8.314,9582829,25,500
136,115.658,8.724,7253444,25,500
137,127.546,8.482,4460278,25,500
138,123.324,8.809,5718258,25,500
140,118.719,7.974,3962200,25,500
141,108.87,7.76,12528580,25,500
142,119.187,7.457,10601648,25,500
143,135.329,9.325,5115070,25,500
144,124.915,9.174,4579333,25,500
145,128.563,8.674,12751377,25,500
146,123.319,8.924,8859541,25,500
147,107.514,8.451,4224504,25,500
149,120.758,7.933,7002058,25,500
150,124.645,8.755,5969410,25,500
151,124.075,8.48,10125260,25,500
152,126.728,7.737,50547272,25,500
68,121.823,8.057,5114675,37.5,500
69,125.502,8.541,2631842,37.5,500
70,126.331,8.446,5301004,37.5,500
71,124.209,8.308,4230533,37.5,500
72,123.055,8.426,5244486,37.5,500
73,116.784,8.235,3940902,37.5,500
74,119.925,7.61,5604284,37.5,500
75,124.254,8.74,5077862,37.5,500
76,120.834,7.907,6420509,37.5,500
77,123.819,8.354,8512624,37.5,500
78,122.23,8.205,6884074,37.5,500
79,124.123,9.167,6894526,37.5,500
80,125.665,8.433,4107217,37.5,500
81,121.552,7.745,7211890,37.5,500
83,115.831,2.83,3365582,37.5,500
84,118.504,8.128,6175252,37.5,500
85,122.108,9.342,6462616,37.5,500
87,113.984,8.497,8029431,37.5,500
88,121.837,8.007,6932412,37.5,500
89,121.434,7.092,10384224,37.5,500
90,122.902,8.695,3965096,37.5,500
91,126.25,8.523,5986993,37.5,500
92,129.204,9.278,6133995,37.5,500
93,126.237,8.634,5320360,37.5,500
94,132.087,8.741,9977378,37.5,500
95,114.63,8.518,5291428,37.5,500
96,123.061,8.208,6750047,37.5,500
97,118.24,7.56,11708336,37.5,500
98,123.886,8.951,8404959,37.5,500
99,127.73,9.458,6200301,37.5,500
100,124.692,9.317,6397204,37.5,500
101,128.563,8.897,5802816,37.5,500
102,114.055,7.028,2890171,37.5,500
103,124.261,7.918,5399074,37.5,500
104,124.487,9.193,6327472,37.5,500
105,123.927,8.988,6974093,37.5,500
106,122.559,8.768,6318299,37.5,500
107,126.208,8.861,5648102,37.5,500
108,123.418,8.673,8926581,37.5,500
109,129.191,8.869,6046270,37.5,500
110,117.223,8.971,2016459,37.5,500
111,117.036,7.754,4636390,37.5,500
112,108.794,7.392,7386444,37.5,500
113,123.137,8.63,7459363,37.5,500
114,122.113,9.366,5997594,37.5,500
115,123.301,8.815,5729831,37.5,500
116,117.096,6.047,1898033,37.5,500
117,120.936,8.904,5293314,37.5,500
118,123.748,9.137,4726546,37.5,500
119,120.012,8.315,3177284,37.5,500
120,129.673,9.514,4042170,37.5,500
121,124.854,8.795,10071144,37.5,500
122,122.706,9.318,3738952,37.5,500
123,123.802,8.797,9863852,37.5,500
124,127.477,8.314,3079734,37.5,500
126,122.439,8.328,7339624,37.5,500
127,114.075,8.06,8395720,37.5,500
128,121.011,7.361,10474735,37.5,500
129,128.555,8.649,7494041,37.5,500
131,116.085,8.246,8559350,37.5,500
132,108.057,7.917,7720174,37.5,500
133,123.083,6.825,6306595,37.5,500
134,121.199,9.061,4263280,37.5,500
135,114.304,8.314,8102549,37.5,500
136,115.658,8.724,5136172,37.5,500
137,127.516,8.49,4191922,37.5,500
138,123.324,8.809,5437822,37.5,500
140,118.685,7.966,3757964,37.5,500
141,108.866,7.756,11562515,37.5,500
142,119.187,7.457,9919134,37.5,500
143,135.365,9.321,4784874,37.5,500
144,124.888,9.187,4929219,37.5,500
145,128.563,8.674,11704712,37.5,500
146,123.319,8.924,8179844,37.5,500
147,107.532,8.453,3451424,37.5,500
149,120.758,7.933,6251588,37.5,500
150,124.645,8.755,5327938,37.5,500
151,124.075,8.48,10120858,37.5,500
152,126.728,7.737,42825272,37.5,500
68,121.823,8.057,4719186,50,500
69,125.515,8.543,2641044,50,500
70,126.328,8.444,4942732,50,500
71,124.209,8.308,4175318,50,500
72,123.055,8.426,4493950,50,500
73,116.784,8.235,3632216,50,500
74,119.865,7.598,6618584,50,500
75,124.254,8.74,5044462,50,500
76,120.834,7.907,5530434,50,500
77,123.819,8.354,8269205,50,500
78,122.23,8.205,6886968,50,500
79,124.123,9.167,6315056,50,500
80,125.653,8.434,4062895,50,500
81,121.509,7.741,7071820,50,500
83,115.757,2.825,3934998,50,500
84,118.504,8.128,6026366,50,500
85,122.108,9.342,6036179,50,500
87,113.928,8.499,8396640,50,500
88,121.837,8.007,6703216,50,500
89,121.418,7.093,10207690,50,500
90,122.902,8.695,3163102,50,500
91,126.252,8.524,5276810,50,500
92,129.164,9.276,5066512,50,500
93,126.225,8.638,4635332,50,500
94,132.058,8.748,10434720,50,500
95,114.648,8.518,4358009,50,500
96,123.061,8.208,6053506,50,500
97,118.258,7.56,10870935,50,500
98,123.886,8.951,8218400,50,500
99,127.721,9.46,5822052,50,500
100,124.692,9.317,5815386,50,500
101,128.539,8.899,6426066,50,500
102,114.055,7.028,2413776,50,500
103,124.261,7.918,4605458,50,500
104,124.487,9.193,6342076,50,500
105,123.927,8.988,6948774,50,500
106,122.559,8.768,6064191,50,500
107,126.173,8.853,5824450,50,500
108,123.418,8.673,8511419,50,500
109,129.193,8.867,6255754,50,500
110,117.201,8.976,2336917,50,500
111,116.992,7.755,4501736,50,500
112,108.792,7.393,7486838,50,500
113,123.137,8.63,6983642,50,500
114,122.113,9.366,5477066,50,500
115,123.301,8.815,5447814,50,500
116,117.096,6.047,1886808,50,500
117,120.95,8.898,5026906,50,500
118,123.748,9.137,4240892,50,500
119,120.012,8.315,3158564,50,500
120,129.655,9.518,4342848,50,500
121,124.854,8.795,9319412,50,500
122,122.706,9.318,3649822,50,500
123,123.802,8.797,9129408,50,500
124,127.463,8.317,2727742,50,500
126,122.439,8.328,7077074,50,500
127,114.075,8.06,7415464,50,500
128,120.984,7.353,10323643,50,500
129,128.555,8.649,7173188,50,500
131,116.085,8.246,7706468,50,500
132,108.055,7.919,7172472,50,500
133,123.083,6.825,6068388,50,500
134,121.109,9.049,4978980,50,500
135,114.286,8.316,7210838,50,500
136,115.696,8.726,4603573,50,500
137,127.492,8.491,3908412,50,500
138,123.324,8.809,5332684,50,500
140,118.685,7.966,3626786,50,500
141,108.859,7.755,11485518,50,500
142,119.15,7.454,9921381,50,500
143,135.378,9.331,4458690,50,500
144,124.888,9.187,4169388,50,500
145,128.563,8.674,11742726,50,500
146,123.319,8.924,7787494,50,500
147,107.516,8.45,2930537,50,500
149,120.758,7.933,5319487,50,500
150,124.645,8.755,4657194,50,500
151,124.075,8.48,10981678,50,500
152,126.728,7.737,36406904,50,500
68,121.771,8.065,4429412,75,500
69,125.508,8.55,2139153,75,500
70,126.373,8.452,3940536,75,500
71,124.209,8.308,4102204,75,500
72,123.055,8.426,3802262,75,500
73,116.784,8.235,2670478,75,500
74,119.829,7.594,5722133,75,500
75,124.254,8.74,4577818,75,500
76,120.834,7.907,4188968,75,500
77,123.819,8.354,8186944,75,500
78,122.23,8.205,5999054,75,500
79,124.123,9.167,4599888,75,500
80,125.611,8.435,3667680,75,500
81,121.501,7.742,6816999,75,500
83,115.757,2.825,3573964,75,500
84,118.504,8.128,5065864,75,500
85,122.108,9.342,5098704,75,500
87,113.895,8.498,7770598,75,500
88,121.85,7.998,6060074,75,500
89,121.391,7.092,9053994,75,500
90,122.902,8.695,1760107,75,500
91,126.244,8.535,3270703,75,500
92,129.11,9.273,3704824,75,500
93,126.184,8.642,2828034,75,500
94,132.04,8.748,9116043,75,500
95,114.662,8.523,3459560,75,500
96,123.061,8.208,4464278,75,500
97,118.263,7.559,9624458,75,500
98,123.886,8.951,7595924,75,500
99,127.702,9.46,5371780,75,500
100,124.692,9.317,5288504,75,500
101,128.544,8.899,5529786,75,500
102,113.742,7.024,3138938,75,500
103,124.257,7.937,5730582,75,500
104,124.487,9.193,5614759,75,500
105,123.927,8.988,6321388,75,500
106,122.584,8.77,5978674,75,500
107,126.137,8.851,5935006,75,500
108,123.418,8.673,8067520,75,500
109,129.185,8.865,6114202,75,500
110,117.179,8.983,2062256,75,500
111,117,7.758,4167129,75,500
112,108.792,7.393,6251654,75,500
113,123.137,8.63,6231296,75,500
114,122.113,9.366,4447044,75,500
115,123.301,8.815,5288460,75,500
116,117.096,6.047,1963276,75,500
117,120.939,8.902,4769174,75,500
118,123.748,9.137,4198080,75,500
119,119.963,8.309,3028255,75,500
120,129.633,9.516,3386849,75,500
121,124.854,8.795,8229406,75,500
122,122.706,9.318,2603899,75,500
123,123.802,8.797,7879816,75,500
124,127.463,8.317,1711823,75,500
126,122.439,8.328,7175212,75,500
127,114.075,8.06,5353969,75,500
128,120.968,7.349,8953425,75,500
129,128.555,8.649,5329649,75,500
131,116.085,8.246,6012392,75,500
132,108.055,7.919,6953800,75,500
133,123.126,6.825,5404122,75,500
134,121.082,9.042,3818156,75,500
135,114.286,8.316,5943612,75,500
136,115.714,8.728,3087911,75,500
137,127.492,8.491,2958736,75,500
138,123.324,8.809,5283748,75,500
140,118.685,7.966,3051507,75,500
141,108.859,7.755,10795576,75,500
142,119.145,7.454,9395635,75,500
143,135.402,9.33,3401114,75,500
144,124.888,9.187,3327794,75,500
145,128.563,8.674,10717846,75,500
146,123.319,8.924,7096402,75,500
147,107.516,8.45,1706692,75,500
149,120.758,7.933,3822706,75,500
150,124.645,8.755,4281804,75,500
151,124.075,8.48,10433609,75,500
152,126.631,7.729,46834716,75,500
68,121.771,8.065,3219880,150,500
69,125.79,8.56,981867,150,500
70,126.477,8.462,2382356,150,500
71,124.196,8.298,4146032,150,500
72,122.995,8.447,2954902,150,500
73,116.503,8.225,2323080,150,500
74,119.759,7.577,3762160,150,500
75,123.955,8.775,4081858,150,500
76,120.834,7.907,1914694,150,500
77,123.848,8.348,7615132,150,500
78,122.291,8.21,5196798,150,500
79,123.901,9.174,3462621,150,500
80,125.527,8.442,3383643,150,500
81,121.501,7.742,5863824,150,500
83,115.801,2.817,3232334,150,500
84,118.529,8.144,4465548,150,500
85,121.995,9.341,3932253,150,500
87,113.833,8.499,6743402,150,500
88,121.85,7.998,4594870,150,500
89,121.321,7.092,8083407,150,500
90,122.975,8.664,3701237,150,500
91,126.268,8.536,1247085,150,500
92,128.968,9.255,1441688,150,500
93,126.008,8.652,1204088,150,500
94,132.04,8.748,6025303,150,500
95,114.788,8.529,1584090,150,500
96,123.105,8.206,2251042,150,500
97,118.302,7.564,7996845,150,500
98,123.937,8.943,6602607,150,500
99,127.644,9.465,3938631,150,500
100,124.692,9.317,4421851,150,500
101,128.544,8.899,3929723,150,500
102,113.71,7.021,3036790,150,500
103,124.256,7.949,4796493,150,500
104,124.498,9.198,4997134,150,500
105,123.95,8.99,5317086,150,500
106,122.584,8.77,4995638,150,500
107,126.08,8.844,4560295,150,500
108,123.465,8.671,7060992,150,500
109,129.185,8.865,4686008,150,500
110,117.179,8.983,1399906,150,500
111,116.955,7.751,3683971,150,500
112,108.724,7.389,6106424,150,500
113,123.075,8.624,4900170,150,500
114,122.244,9.393,3646004,150,500
115,123.301,8.815,4433536,150,500
116,117.096,6.047,1550401,150,500
117,120.939,8.902,4034502,150,500
118,123.749,9.132,3823082,150,500
119,119.885,8.299,2641818,150,500
120,129.611,9.519,3246109,150,500
121,124.804,8.777,7175542,150,500
122,122.379,9.312,2395216,150,500
123,123.603,8.785,7241308,150,500
124,127.399,8.297,730498,150,500
126,122.419,8.325,6596563,150,500
127,114.126,8.036,5219084,150,500
128,120.968,7.349,4905584,150,500
129,128.555,8.649,3333076,150,500
131,116.005,8.227,5257406,150,500
132,108.035,7.922,6008470,150,500
133,123.126,6.825,3991526,150,500
134,121.082,9.042,1281934,150,500
135,114.245,8.322,3866140,150,500
136,115.714,8.728,1200931,150,500
137,127.381,8.493,1914428,150,500
138,123.324,8.809,4597945,150,500
140,118.569,7.957,2710114,150,500
141,108.848,7.751,10098764,150,500
142,119.145,7.454,7112076,150,500
143,135.413,9.34,2525108,150,500
144,124.86,9.201,2369395,150,500
145,128.563,8.674,7702410,150,500
146,123.425,8.928,6269086,150,500
147,107.516,8.45,475633,150,500
149,120.642,7.951,1193574,150,500
150,124.645,8.755,3540063,150,500
151,124.075,8.48,10574163,150,500
152,126.543,7.722,48228476,150,500
68,121.755,8.076,2193237,250,500
69,125.79,8.56,464420,250,500
70,126.651,8.477,2091418,250,500
71,124.225,8.292,3724928,250,500
72,122.985,8.472,1893781,250,500
73,116.503,8.225,576546,250,500
74,119.635,7.555,2753975,250,500
75,124.036,8.777,5019032,250,500
76,120.834,7.907,444456,250,500
77,123.881,8.348,6527772,250,500
78,122.291,8.21,3800839,250,500
79,123.776,9.18,2354906,250,500
80,125.452,8.454,3121103,250,500
81,121.469,7.743,4476350,250,500
83,115.801,2.817,1962418,250,500
84,118.544,8.151,3764049,250,500
85,121.862,9.34,2815144,250,500
87,113.747,8.501,5593434,250,500
88,121.888,7.988,3739350,250,500
89,121.23,7.094,6757246,250,500
90,122.975,8.664,1992533,250,500
91,126.268,8.536,416114,250,500
92,128.91,9.24,912172,250,500
93,126.008,8.652,434630,250,500
94,131.948,8.751,4394084,250,500
95,114.918,8.525,765556,250,500
96,123.105,8.206,687196,250,500
97,118.33,7.569,6171855,250,500
98,123.937,8.943,5034170,250,500
99,127.611,9.462,3649351,250,500
100,124.647,9.322,2831779,250,500
101,128.576,8.917,3520266,250,500
102,113.645,7.018,2380131,250,500
103,124.229,7.969,3309639,250,500
104,124.516,9.203,4019383,250,500
105,123.95,8.99,4082380,250,500
106,122.584,8.77,3988012,250,500
107,126.08,8.844,3586653,250,500
108,123.465,8.671,6303494,250,500
109,129.208,8.861,4040624,250,500
110,117.189,9.016,1754969,250,500
111,116.955,7.751,2858447,250,500
112,108.666,7.387,4431092,250,500
113,123.075,8.624,2922350,250,500
114,122.244,9.393,1979224,250,500
115,123.301,8.815,4003716,250,500
116,117.121,6.05,1348301,250,500
117,120.939,8.902,3579072,250,500
118,123.749,9.132,2953304,250,500
119,119.763,8.291,1830927,250,500
120,129.593,9.527,2569867,250,500
121,124.804,8.777,5036031,250,500
122,122.267,9.307,1747580,250,500
123,123.588,8.782,6304720,250,500
124,127.399,8.297,224620,250,500
126,122.419,8.325,5886828,250,500
127,114.147,8.017,3089356,250,500
128,120.874,7.318,3694728,250,500
129,128.555,8.649,1422640,250,500
131,116.005,8.227,3495990,250,500
132,108.017,7.924,5518732,250,500
133,123.299,6.828,3463352,250,500
134,121.082,9.042,224495,250,500
135,114.227,8.339,2190316,250,500
136,115.714,8.728,181392,250,500
137,127.149,8.523,1593370,250,500
138,123.324,8.809,4002403,250,500
140,118.546,7.93,2263111,250,500
141,108.833,7.751,8580572,250,500
142,119.08,7.456,6733117,250,500
143,135.431,9.335,1469238,250,500
144,124.516,9.203,4019383,250,500
145,128.676,8.693,6546264,250,500
146,123.425,8.928,4753128,250,500
147,107.572,8.44,-248120,250,500
149,120.642,7.951,307750,250,500
150,124.645,8.755,3850280,250,500
151,124.003,8.478,10723964,250,500
152,126.445,7.712,45069344,250,500
