residue,1H,15N,intensity,tit,obs
278,8.47857,120.44167,1.0875,0,207.06
280,8.17814,120.34483,7.5718,0,207.06
281,8.06687,120.37164,5.7163,0,207.06
282,8.32138,121.51221,3.9008,0,207.06
283,8.46707,121.70284,2.9963,0,207.06
284,8.43655,117.13634,1.4618,0,207.06
285,8.40331,117.87028,1.1949,0,207.06
286,8.37569,121.62212,1.8583,0,207.06
287,8.38658,119.49461,1.7883,0,207.06
288,8.0663,114.77285,2.2918,0,207.06
289,8.16059,123.7489,4.4359,0,207.06
291,8.45728,119.33934,3.9891,0,207.06
292,8.93694,120.31413,1.5756,0,207.06
293,8.09163,122.08293,3.3826,0,207.06
294,8.41179,117.06036,2.6077,0,207.06
295,8.09301,118.28337,3.0555,0,207.06
296,7.58372,120.25667,2.2895,0,207.06
297,8.48525,117.76899,3.085,0,207.06
298,7.9441,117.0309,2.8065,0,207.06
299,7.47327,117.01364,1.9899,0,207.06
300,7.95761,118.11943,2.3179,0,207.06
301,9.67416,121.68273,1.4499,0,207.06
303,8.73164,117.90881,2.5143,0,207.06
304,7.92771,121.33868,2.2919,0,207.06
305,8.76214,118.85815,2.4272,0,207.06
306,7.86731,119.75417,3.2053,0,207.06
307,7.92462,115.66833,3.773,0,207.06
308,8.27867,123.90189,3.259,0,207.06
309,7.96313,120.17786,3.348,0,207.06
310,7.60066,116.72144,2.9001,0,207.06
311,8.22019,120.56621,3.3136,0,207.06
312,8.78246,125.97988,2.6537,0,207.06
313,8.43912,119.81944,2.7183,0,207.06
314,8.2462,120.9209,2.989,0,207.06
315,8.27922,117.2143,1.7917,0,207.06
316,8.4245,124.11415,2.1239,0,207.06
317,8.17814,119.81228,3.1295,0,207.06
318,7.96538,117.68671,3.3502,0,207.06
319,8.36687,123.79299,2.3578,0,207.06
320,8.67073,121.25533,2.8934,0,207.06
321,7.56835,116.00827,2.3854,0,207.06
322,7.87342,108.62048,2.19,0,207.06
323,7.803,120.64664,1.7686,0,207.06
324,7.81926,120.33656,2.6486,0,207.06
325,8.27921,108.80457,2.1049,0,207.06
326,7.77218,113.91462,2.6796,0,207.06
327,7.95508,113.74478,3.2325,0,207.06
328,9.19654,125.84588,1.6512,0,207.06
329,7.96923,114.50854,3.0009,0,207.06
330,9.07224,121.05264,1.2993,0,207.06
332,6.95585,119.85845,0.9568,0,207.06
333,8.56326,123.75838,2.6041,0,207.06
334,8.59064,116.57333,2.4618,0,207.06
335,7.96289,114.99583,2.9011,0,207.06
336,8.36856,124.15228,2.0736,0,207.06
337,8.64194,121.31586,1.8277,0,207.06
338,8.13402,118.66363,2.6309,0,207.06
339,8.09761,119.23722,3.2704,0,207.06
340,8.15584,121.7192,2.4671,0,207.06
342,8.56032,118.89052,2.6247,0,207.06
343,8.15433,117.58289,2.8393,0,207.06
344,7.70322,119.34236,2.6075,0,207.06
345,8.72341,123.89492,2.3135,0,207.06
346,8.3755,118.51981,2.5664,0,207.06
347,7.74766,117.99969,2.9596,0,207.06
348,7.75931,121.86549,3.0006,0,207.06
349,8.21695,118.78416,2.908,0,207.06
350,7.95943,119.22646,2.8785,0,207.06
351,7.8791,121.99242,3.7093,0,207.06
352,7.94983,118.69907,3.8232,0,207.06
353,7.80253,119.49612,3.4901,0,207.06
354,8.07814,120.11815,4.074,0,207.06
355,7.78601,119.77943,5.279,0,207.06
356,8.15147,123.04494,5.2756,0,207.06
357,8.27269,118.68738,2.9779,0,207.06
358,8.34615,119.03243,2.9585,0,207.06
359,8.40271,119.05974,2.5052,0,207.06
360,8.43684,119.13712,4.8341,0,207.06
361,8.18992,123.86292,4.9388,0,207.06
362,8.32917,116.97192,3.8627,0,207.06
363,8.3122,119.30382,2.6344,0,207.06
364,8.30064,119.02077,2.791,0,207.06
365,8.39306,109.17517,3.6287,0,207.06
366,8.16244,115.43002,4.2111,0,207.06
367,8.49347,120.98712,3.2581,0,207.06
368,7.80802,127.54985,12.5278,0,207.06
278,8.47231,120.4118,1.1835,20.65,207.03
280,8.17814,120.34483,6.9618,20.65,207.03
281,8.06285,120.38657,5.8548,20.65,207.03
282,8.32138,121.51221,3.9307,20.65,207.03
283,8.45992,121.69985,3.1859,20.65,207.03
284,8.42019,117.16369,1.6598,20.65,207.03
285,8.39527,117.89119,1.1151,20.65,207.03
286,8.37346,121.61316,1.9176,20.65,207.03
287,8.3982,119.50656,1.8534,20.65,207.03
288,8.06085,114.70905,2.1103,20.65,207.03
289,8.17516,123.58995,3.6794,20.65,207.03
291,8.44298,119.29752,3.4347,20.65,207.03
292,8.95716,120.31262,1.3514,20.65,207.03
293,8.11771,122.07268,2.4709,20.65,207.03
294,8.41727,116.84109,1.7421,20.65,207.03
295,8.0869,118.24712,2.3027,20.65,207.03
296,7.60664,120.29723,1.6904,20.65,207.03
297,8.50804,117.68835,2.0388,20.65,207.03
298,7.92637,116.90328,2.1149,20.65,207.03
299,7.45844,116.83338,1.3292,20.65,207.03
300,7.94261,117.9827,1.6068,20.65,207.03
301,9.65731,121.68273,1.0492,20.65,207.03
303,8.71942,117.73963,1.8726,20.65,207.03
304,7.90344,121.33418,1.4522,20.65,207.03
305,8.74461,118.94828,1.6097,20.65,207.03
306,7.83427,119.45223,2.8947,20.65,207.03
307,7.90689,115.44044,2.5391,20.65,207.03
308,8.29094,123.84549,2.3388,20.65,207.03
309,8.00582,120.09422,2.3608,20.65,207.03
310,7.63302,116.78904,1.7744,20.65,207.03
311,8.2193,120.53933,2.2043,20.65,207.03
312,8.77774,125.93031,1.9092,20.65,207.03
313,8.42437,119.73282,1.6496,20.65,207.03
314,8.25782,120.86415,2.1269,20.65,207.03
315,8.28057,117.20528,1.3619,20.65,207.03
316,8.41318,124.06058,2.021,20.65,207.03
317,8.17322,119.72267,2.3098,20.65,207.03
318,7.97902,117.76875,2.2155,20.65,207.03
319,8.36927,123.82504,1.9553,20.65,207.03
320,8.66114,121.25533,1.9306,20.65,207.03
321,7.56093,115.93166,1.8127,20.65,207.03
322,7.87342,108.62048,1.3852,20.65,207.03
323,7.8212,120.56101,1.5415,20.65,207.03
324,7.8078,120.15179,1.8336,20.65,207.03
325,8.25629,108.69641,1.515,20.65,207.03
326,7.76374,113.89924,2.5256,20.65,207.03
327,7.94051,113.57045,2.1869,20.65,207.03
328,9.17429,125.80081,1.3337,20.65,207.03
329,7.97076,114.47778,1.9707,20.65,207.03
330,9.08183,121.00457,1.0369,20.65,207.03
332,6.95383,119.76832,0.7945,20.65,207.03
333,8.54888,123.51804,1.7776,20.65,207.03
334,8.56338,116.51957,1.8234,20.65,207.03
335,7.94448,114.88303,2.0174,20.65,207.03
336,8.40977,123.90942,2.094,20.65,207.03
337,8.63115,121.01142,0.9713,20.65,207.03
338,8.15694,118.67265,1.6215,20.65,207.03
339,8.12897,119.20988,1.9879,20.65,207.03
340,8.21948,121.70555,1.3969,20.65,207.03
342,8.56211,118.91441,1.7291,20.65,207.03
343,8.136,117.48372,1.8119,20.65,207.03
344,7.71468,119.24773,1.6291,20.65,207.03
345,8.73757,123.86337,1.57,20.65,207.03
346,8.38248,118.52564,1.9694,20.65,207.03
347,7.76384,117.92308,2.1516,20.65,207.03
348,7.77145,121.88802,2.07,20.65,207.03
349,8.22234,118.79768,1.8013,20.65,207.03
350,7.96761,119.10796,2.2995,20.65,207.03
351,7.87034,121.9068,2.7207,20.65,207.03
352,7.96003,118.63987,2.6298,20.65,207.03
353,7.80725,119.49162,3.0316,20.65,207.03
354,8.07144,120.0853,3.6514,20.65,207.03
355,7.77859,119.7569,5.389,20.65,207.03
356,8.14227,122.94239,4.5214,20.65,207.03
357,8.26123,118.61527,3.0893,20.65,207.03
358,8.34794,119.04736,3.0889,20.65,207.03
359,8.40226,119.07766,3.0608,20.65,207.03
360,8.43684,119.13712,4.6996,20.65,207.03
361,8.18992,123.86292,4.7526,20.65,207.03
362,8.32917,116.97192,3.7512,20.65,207.03
363,8.3055,119.29187,2.6505,20.65,207.03
364,8.29975,119.05064,3.1409,20.65,207.03
365,8.39036,109.17066,3.5651,20.65,207.03
366,8.16244,115.43002,4.2096,20.65,207.03
367,8.49347,120.98712,3.2425,20.65,207.03
368,7.80802,127.54985,12.7314,20.65,207.03
278,8.4831,120.43433,0.9798,40.4,207.01
280,8.18016,120.33131,7.8029,40.4,207.01
281,8.07094,120.40009,5.6218,40.4,207.01
282,8.32138,121.51221,3.8557,40.4,207.01
283,8.46396,121.69534,3.2026,40.4,207.01
284,8.42221,117.15468,1.922,40.4,207.01
285,8.40134,117.86866,1.3433,40.4,207.01
286,8.37885,121.59964,2.0959,40.4,207.01
287,8.41236,119.51107,2.0661,40.4,207.01
288,8.06085,114.70905,2.4831,40.4,207.01
289,8.19134,123.49532,2.9191,40.4,207.01
291,8.43759,119.24344,4.178,40.4,207.01
292,8.98143,120.31262,1.1913,40.4,207.01
293,8.13726,122.06367,1.7825,40.4,207.01
294,8.42266,116.71491,1.6771,40.4,207.01
295,8.08623,118.20206,1.9663,40.4,207.01
296,7.62619,120.33328,1.288,40.4,207.01
297,8.52624,117.67483,1.7601,40.4,207.01
298,7.92098,116.84921,1.6534,40.4,207.01
299,7.45911,116.69368,1.2631,40.4,207.01
300,7.94126,117.93313,1.644,40.4,207.01
301,9.66338,121.69174,0.7492,40.4,207.01
303,8.71403,117.70358,1.7498,40.4,207.01
304,7.8967,121.28912,0.9599,40.4,207.01
305,8.74798,118.99335,1.2714,40.4,207.01
306,7.82753,119.27197,1.9671,40.4,207.01
307,7.90622,115.35031,1.9847,40.4,207.01
308,8.3051,123.86802,1.9021,40.4,207.01
309,8.0402,120.07619,2.082,40.4,207.01
310,7.65662,116.80707,1.3308,40.4,207.01
311,8.22334,120.50778,2.0805,40.4,207.01
312,8.77774,125.93031,1.6815,40.4,207.01
313,8.42707,119.70578,1.6782,40.4,207.01
314,8.27063,120.78304,1.946,40.4,207.01
315,8.29068,117.25936,1.1182,40.4,207.01
316,8.39633,123.96594,1.8814,40.4,207.01
317,8.17524,119.61452,1.7628,40.4,207.01
318,7.98711,117.78227,2.141,40.4,207.01
319,8.38815,123.81152,1.9682,40.4,207.01
320,8.66181,121.21928,1.6877,40.4,207.01
321,7.56026,115.90462,1.428,40.4,207.01
322,7.87342,108.62048,1.3437,40.4,207.01
323,7.83738,120.5565,1.1346,40.4,207.01
324,7.81859,120.0887,2.1621,40.4,207.01
325,8.24887,108.59276,1.4082,40.4,207.01
326,7.7597,113.8722,2.2446,40.4,207.01
327,7.94658,113.49834,2.0298,40.4,207.01
328,9.17025,125.73772,1.1391,40.4,207.01
329,7.97548,114.47327,1.7338,40.4,207.01
330,9.08654,120.98203,0.7889,40.4,207.01
332,6.96394,119.71424,0.702,40.4,207.01
333,8.54551,123.41439,1.2869,40.4,207.01
334,8.55462,116.51957,1.3436,40.4,207.01
335,7.94313,114.8605,1.617,40.4,207.01
336,8.44752,123.84633,1.3845,40.4,207.01
337,8.64598,120.81313,0.6918,40.4,207.01
338,8.17649,118.61407,1.2049,40.4,207.01
339,8.15122,119.20087,1.6762,40.4,207.01
340,8.26465,121.79118,1.0049,40.4,207.01
342,8.56953,118.94145,1.3937,40.4,207.01
343,8.136,117.48372,1.533,40.4,207.01
344,7.73153,119.21619,1.3001,40.4,207.01
345,8.74768,123.86787,1.3446,40.4,207.01
346,8.39596,118.53916,1.5707,40.4,207.01
347,7.77463,117.90055,1.6245,40.4,207.01
348,7.77684,121.93308,1.6209,40.4,207.01
349,8.23313,118.75713,1.5812,40.4,207.01
350,7.9757,119.05839,1.8945,40.4,207.01
351,7.87034,121.9068,2.4402,40.4,207.01
352,7.97688,118.71648,2.1976,40.4,207.01
353,7.81938,119.50514,2.6377,40.4,207.01
354,8.07009,120.07629,3.9016,40.4,207.01
355,7.78061,119.72986,4.538,40.4,207.01
356,8.14227,122.94239,4.222,40.4,207.01
357,8.26123,118.61527,3.1073,40.4,207.01
358,8.34457,119.04285,3.0622,40.4,207.01
359,8.40765,119.05963,3.241,40.4,207.01
360,8.43954,119.09657,4.7942,40.4,207.01
361,8.19262,123.83588,4.5746,40.4,207.01
362,8.33321,116.98544,3.9395,40.4,207.01
363,8.3055,119.29187,2.9064,40.4,207.01
364,8.30379,119.03262,3.2152,40.4,207.01
365,8.39575,109.17516,3.4439,40.4,207.01
366,8.16716,115.43452,4.2528,40.4,207.01
367,8.49347,120.98712,3.2603,40.4,207.01
368,7.81274,127.54084,12.9621,40.4,207.01
278,8.48377,120.39828,1.1385,103.33,206.94
280,8.18016,120.33131,8.0523,103.33,206.94
281,8.06892,120.37305,6.2831,103.33,206.94
282,8.32408,121.50771,4.3313,103.33,206.94
283,8.46396,121.69534,3.4153,103.33,206.94
284,8.42221,117.15468,2.3208,103.33,206.94
285,8.40741,117.86866,1.5584,103.33,206.94
286,8.37952,121.59964,2.5125,103.33,206.94
287,8.4164,119.51107,2.7797,103.33,206.94
288,8.06018,114.59188,2.4717,103.33,206.94
289,8.20213,123.4097,3.055,103.33,206.94
291,8.43287,119.19387,3.9951,103.33,206.94
292,9.00974,120.33064,0.7877,103.33,206.94
293,8.15883,122.07719,1.3145,103.33,206.94
294,8.42199,116.50311,1.4388,103.33,206.94
295,8.07881,118.17052,1.5089,103.33,206.94
296,7.639,120.37834,0.9343,103.33,206.94
297,8.54984,117.62075,1.4259,103.33,206.94
298,7.90547,116.72303,1.4776,103.33,206.94
299,7.44899,116.52695,0.7375,103.33,206.94
300,7.9298,117.82948,1.246,103.33,206.94
301,9.65529,121.75483,0.6694,103.33,206.94
303,8.70662,117.55937,1.3814,103.33,206.94
304,7.88187,121.24856,0.8371,103.33,206.94
305,8.7318,119.06094,0.8237,103.33,206.94
306,7.80461,118.86189,1.0974,103.33,206.94
307,7.886,115.15202,1.4,103.33,206.94
308,8.30914,123.8545,1.4196,103.33,206.94
309,8.08739,120.04915,2.4628,103.33,206.94
310,7.69437,116.81609,1.1117,103.33,206.94
311,8.23143,120.4492,1.2274,103.33,206.94
312,8.78044,125.86722,1.0945,103.33,206.94
313,8.41628,119.63367,2.7072,103.33,206.94
314,8.28479,120.72897,1.1828,103.33,206.94
315,8.2954,117.25485,0.8085,103.33,206.94
316,8.3815,123.92538,1.59,103.33,206.94
317,8.17861,119.55594,1.1829,103.33,206.94
318,7.99857,117.80931,1.74,103.33,206.94
319,8.39354,123.81152,1.2523,103.33,206.94
320,8.64968,121.25082,1.1247,103.33,206.94
321,7.55082,115.80097,1.1228,103.33,206.94
322,7.87342,108.62048,1.0364,103.33,206.94
323,7.85491,120.49792,0.8024,103.33,206.94
324,7.80444,119.92196,1.7341,103.33,206.94
325,8.22123,108.4846,1.0497,103.33,206.94
326,7.74891,113.85868,1.7481,103.33,206.94
327,7.9331,113.34962,1.8941,103.33,206.94
328,9.15407,125.6521,0.8909,103.33,206.94
329,7.97548,114.47327,1.2185,103.33,206.94
330,9.10542,121.00005,0.6162,103.33,206.94
332,6.94641,119.61961,0.4814,103.33,206.94
333,8.52191,123.144,0.9823,103.33,206.94
334,8.52833,116.4745,0.9738,103.33,206.94
335,7.92156,114.72981,1.1948,103.33,206.94
336,8.4873,123.66607,0.8761,103.33,206.94
337,8.61901,120.38952,0.5707,103.33,206.94
338,8.19402,118.58253,0.8287,103.33,206.94
339,8.17751,119.25945,0.988,103.33,206.94
340,8.32398,121.8047,0.4605,103.33,206.94
342,8.57762,119.03609,1.1767,103.33,206.94
343,8.12252,117.38457,0.9486,103.33,206.94
344,7.74771,119.14409,1.0468,103.33,206.94
345,8.76319,123.84083,1.1231,103.33,206.94
346,8.39663,118.5707,1.0953,103.33,206.94
347,7.79485,117.81493,1.1246,103.33,206.94
348,7.80044,121.99166,1.1241,103.33,206.94
349,8.25335,118.75262,0.9174,103.33,206.94
350,7.98446,118.97277,1.48,103.33,206.94
351,7.86629,121.79414,1.7199,103.33,206.94
352,7.98834,118.69395,1.7755,103.33,206.94
353,7.83151,119.4826,2.0496,103.33,206.94
354,8.06874,120.03573,3.6273,103.33,206.94
355,7.77454,119.6803,4.2224,103.33,206.94
356,8.12676,122.76664,3.5893,103.33,206.94
357,8.25921,118.52064,2.6598,103.33,206.94
358,8.34457,119.04285,3.3532,103.33,206.94
359,8.41169,119.08667,3.4792,103.33,206.94
360,8.44156,119.03799,3.6358,103.33,206.94
361,8.19262,123.83588,4.7632,103.33,206.94
362,8.32984,116.99445,3.912,103.33,206.94
363,8.29337,119.29638,2.5011,103.33,206.94
364,8.30379,119.03262,3.0151,103.33,206.94
365,8.39575,109.17516,3.7291,103.33,206.94
366,8.16716,115.43452,4.4607,103.33,206.94
367,8.49886,120.96909,3.4212,103.33,206.94
368,7.81274,127.54084,13.3031,103.33,206.94
278,8.47106,120.39828,1.3705,412.66,206.57
280,8.17274,120.31007,8.3768,412.66,206.57
281,8.06256,120.35181,6.7179,412.66,206.57
282,8.32408,121.50771,4.6846,412.66,206.57
283,8.45337,121.70242,3.0948,412.66,206.57
284,8.42221,117.15468,2.0036,412.66,206.57
285,8.40423,117.8545,1.4911,412.66,206.57
286,8.3774,121.57132,2.527,412.66,206.57
287,8.40687,119.38363,1.6933,412.66,206.57
288,8.04747,114.53524,2.269,412.66,206.57
289,8.20743,123.28226,2.5004,412.66,206.57
291,8.41486,119.15139,3.327,412.66,206.57
292,9.06377,120.28816,0.5041,412.66,206.57
293,8.17472,122.10551,0.9252,412.66,206.57
294,8.41775,116.29779,1.2168,412.66,206.57
295,8.06398,118.12804,1.017,412.66,206.57
296,7.64642,120.39958,0.7033,412.66,206.57
297,8.56573,117.57827,1.0645,412.66,206.57
298,7.88746,116.66639,0.9985,412.66,206.57
299,7.43204,116.33578,0.6449,412.66,206.57
300,7.91815,117.72328,1.0785,412.66,206.57
301,9.63834,121.74067,0.4204,412.66,206.57
303,8.68437,117.49565,0.7609,412.66,206.57
304,7.85962,121.19192,0.6434,412.66,206.57
305,8.71167,119.09634,0.6241,412.66,206.57
306,7.77389,118.57869,1.0214,412.66,206.57
307,7.86587,114.95377,1.101,412.66,206.57
308,8.32397,123.86158,1.0296,412.66,206.57
309,8.13082,119.99959,1.0355,412.66,206.57
310,7.72297,116.87273,0.6138,412.66,206.57
311,8.2399,120.30759,0.7185,412.66,206.57
312,8.76879,125.78226,0.8695,412.66,206.57
313,8.41522,119.60535,2.714,412.66,206.57
314,8.28903,120.69357,0.6924,412.66,206.57
315,8.28904,117.29025,0.4481,412.66,206.57
316,8.38362,123.84042,0.6604,412.66,206.57
317,8.17331,119.47098,0.83,412.66,206.57
318,8.00704,117.85887,0.9872,412.66,206.57
319,8.37977,123.86816,0.7262,412.66,206.57
320,8.62638,121.19418,0.7478,412.66,206.57
321,7.53599,115.71601,0.8782,412.66,206.57
322,7.87342,108.62756,0.5743,412.66,206.57
323,7.86656,120.44836,0.7985,412.66,206.57
324,7.78537,119.75912,2.0855,412.66,206.57
325,8.19051,108.32175,0.7611,412.66,206.57
326,7.73196,113.87284,1.4425,412.66,206.57
327,7.91933,113.20094,1.7341,412.66,206.57
328,9.13394,125.57422,0.6044,412.66,206.57
329,7.97018,114.43787,0.833,412.66,206.57
330,9.10118,120.87261,0.4564,412.66,206.57
332,6.94535,119.52757,0.3736,412.66,206.57
333,8.51344,122.967,0.3301,412.66,206.57
334,8.49337,116.3683,0.5753,412.66,206.57
335,7.91097,114.58821,0.7867,412.66,206.57
336,8.53073,123.47491,0.5972,412.66,206.57
337,8.58723,119.92223,0.4143,412.66,206.57
338,8.19614,118.51881,0.5961,412.66,206.57
339,8.20717,119.25237,0.7293,412.66,206.57
340,8.39072,121.8047,0.8526,412.66,206.57
342,8.57762,119.03609,0.6553,412.66,206.57
343,8.10345,117.31377,0.7189,412.66,206.57
344,7.75618,119.08037,0.6557,412.66,206.57
345,8.76319,123.84083,0.6342,412.66,206.57
346,8.39557,118.6061,0.6781,412.66,206.57
347,7.80015,117.77245,0.994,412.66,206.57
348,7.79726,122.03414,0.6429,412.66,206.57
349,8.26076,118.7951,0.8556,412.66,206.57
350,7.98764,118.95153,0.8955,412.66,206.57
351,7.85146,121.75874,1.2634,412.66,206.57
352,7.99364,118.70103,1.6813,412.66,206.57
353,7.83575,119.44012,1.5344,412.66,206.57
354,8.04861,119.94369,1.7916,412.66,206.57
355,7.76924,119.65906,4.021,412.66,206.57
356,8.11193,122.71708,3.9082,412.66,206.57
357,8.25285,118.44984,2.9388,412.66,206.57
358,8.34457,119.04285,2.9849,412.66,206.57
359,8.40745,119.08667,3.1923,412.66,206.57
360,8.42778,119.06631,3.5229,412.66,206.57
361,8.18309,123.83588,4.9271,412.66,206.57
362,8.32454,116.95905,4.2928,412.66,206.57
363,8.28595,119.29638,2.5463,412.66,206.57
364,8.29743,118.99014,3.1467,412.66,206.57
365,8.39151,109.17516,3.9822,412.66,206.57
366,8.16398,115.43452,4.6182,412.66,206.57
367,8.49144,120.96201,3.6413,412.66,206.57
368,7.80638,127.5196,14.1142,412.66,206.57
278,8.47212,120.3204,1.0233,939.36,205.96
280,8.16956,120.30299,8.905,939.36,205.96
281,8.06256,120.35181,6.1466,939.36,205.96
282,8.32408,121.50771,4.4163,939.36,205.96
283,8.45337,121.70242,3.0184,939.36,205.96
284,8.42221,117.15468,1.9264,939.36,205.96
285,8.40423,117.8545,1.4812,939.36,205.96
286,8.3774,121.57132,2.3594,939.36,205.96
287,8.40687,119.38363,1.2847,939.36,205.96
288,8.04747,114.53524,2.5961,939.36,205.96
289,8.20743,123.28226,2.1008,939.36,205.96
291,8.41486,119.15139,2.9382,939.36,205.96
292,9.06377,120.28816,0.2539,939.36,205.96
293,8.17472,122.10551,0.7549,939.36,205.96
294,8.41775,116.29779,0.6694,939.36,205.96
295,8.05657,118.1068,0.769,939.36,205.96
296,7.64642,120.39958,0.3568,939.36,205.96
297,8.57632,117.62783,0.7372,939.36,205.96
298,7.88322,116.60975,0.5111,939.36,205.96
299,7.43204,116.33578,0.3936,939.36,205.96
300,7.90862,117.63124,0.69,939.36,205.96
301,9.63834,121.74067,0.1741,939.36,205.96
303,8.68543,117.36821,0.7209,939.36,205.96
304,7.85962,121.19192,0.3367,939.36,205.96
305,8.71167,119.09634,0.2808,939.36,205.96
306,7.76436,118.47957,0.4746,939.36,205.96
307,7.86163,114.91837,0.6806,939.36,205.96
308,8.32927,123.82618,0.6687,939.36,205.96
309,8.14565,119.97127,0.5872,939.36,205.96
310,7.72297,116.87273,0.4546,939.36,205.96
311,8.2399,120.30759,0.4421,939.36,205.96
312,8.77726,125.7681,0.5992,939.36,205.96
313,8.41522,119.60535,2.2904,939.36,205.96
314,8.3261,120.63693,0.8593,939.36,205.96
315,8.28904,117.29025,0.3247,939.36,205.96
316,8.37621,123.79794,0.5123,939.36,205.96
317,8.17967,119.40726,0.6291,939.36,205.96
318,8.00704,117.85887,0.7902,939.36,205.96
319,8.39354,123.81152,0.557,939.36,205.96
320,8.62956,121.16586,0.587,939.36,205.96
321,7.52752,115.65937,0.7567,939.36,205.96
322,7.87342,108.62756,0.3773,939.36,205.96
323,7.8941,120.40588,0.5098,939.36,205.96
324,7.78961,119.68832,1.9436,939.36,205.96
325,8.18521,108.30051,0.5605,939.36,205.96
326,7.73196,113.87284,1.2628,939.36,205.96
327,7.91615,113.16554,1.2034,939.36,205.96
328,9.12229,125.56006,0.6071,939.36,205.96
329,7.97018,114.43787,0.3293,939.36,205.96
330,9.10118,120.87261,0.1904,939.36,205.96
332,6.94535,119.52757,0.0501,939.36,205.96
333,8.51344,122.967,0.0567,939.36,205.96
334,8.48596,116.36122,0.6208,939.36,205.96
335,7.89085,114.65193,0.7547,939.36,205.96
336,8.52226,123.38995,0.5552,939.36,205.96
337,8.58723,119.92223,-0.0532,939.36,205.96
338,8.21732,118.46925,0.5339,939.36,205.96
339,8.20929,119.18865,0.6731,939.36,205.96
340,8.38331,121.76222,1.0004,939.36,205.96
342,8.5702,119.07149,0.4825,939.36,205.96
343,8.10345,117.31377,0.4603,939.36,205.96
344,7.75512,119.00957,0.5306,939.36,205.96
345,8.77696,123.79127,0.4715,939.36,205.96
346,8.40616,118.58486,0.6583,939.36,205.96
347,7.80015,117.77245,0.3696,939.36,205.96
348,7.80785,121.98458,0.5527,939.36,205.96
349,8.26076,118.7951,0.5328,939.36,205.96
350,7.99717,118.98693,0.653,939.36,205.96
351,7.85146,121.75874,0.8012,939.36,205.96
352,7.99364,118.70103,1.2982,939.36,205.96
353,7.84423,119.43304,1.1432,939.36,205.96
354,8.04861,119.94369,1.8561,939.36,205.96
355,7.76924,119.65906,3.7939,939.36,205.96
356,8.10769,122.66044,3.4051,939.36,205.96
357,8.25285,118.44984,2.7186,939.36,205.96
358,8.34457,119.04285,2.8558,939.36,205.96
359,8.40745,119.08667,2.911,939.36,205.96
360,8.42778,119.06631,3.1252,939.36,205.96
361,8.18309,123.83588,4.7859,939.36,205.96
362,8.32454,116.95905,4.083,939.36,205.96
363,8.28595,119.29638,2.0965,939.36,205.96
364,8.29743,118.99014,2.702,939.36,205.96
365,8.39151,109.17516,3.6372,939.36,205.96
366,8.16398,115.43452,4.4689,939.36,205.96
367,8.49144,120.96201,3.4541,939.36,205.96
368,7.80638,127.5196,15.2432,939.36,205.96
