"","residue","15N","1H","intensity","titrant","visible"
"1",68,121.823,8.057,3630748,0,200
"2",69,125.456,8.542,1665630,0,200
"3",70,126.291,8.444,3345096,0,200
"4",71,124.209,8.308,1851044,0,200
"5",72,123.055,8.426,3782678,0,200
"6",73,116.784,8.235,2435706,0,200
"7",74,119.925,7.61,4543766,0,200
"8",75,124.254,8.74,3492099,0,200
"9",76,120.834,7.907,5843172,0,200
"10",77,123.819,8.354,4782144,0,200
"11",78,122.23,8.205,3883846,0,200
"12",79,124.153,9.154,4799882,0,200
"13",80,125.727,8.43,2751714,0,200
"14",81,121.552,7.745,4373359,0,200
"15",83,115.733,7.84,2330926,0,200
"16",84,118.504,8.128,4078202,0,200
"17",85,122.108,9.342,5018471,0,200
"18",87,113.984,8.497,5755079,0,200
"19",88,121.837,8.007,4822134,0,200
"20",89,121.477,7.093,6356096,0,200
"21",90,122.902,8.695,4938233,0,200
"22",91,126.253,8.521,5904232,0,200
"23",92,129.287,9.283,6245424,0,200
"24",93,126.254,8.632,7029100,0,200
"25",94,132.087,8.741,7202804,0,200
"26",95,114.63,8.518,3942028,0,200
"27",96,123.061,8.208,5857086,0,200
"28",97,118.24,7.56,6958062,0,200
"29",98,123.886,8.951,5968736,0,200
"30",99,127.762,9.458,4054718,0,200
"31",100,124.719,9.315,4127843,0,200
"32",101,128.563,8.897,5017954,0,200
"33",102,114.055,7.028,2122823,0,200
"34",103,124.261,7.918,3524659,0,200
"35",104,124.487,9.168,2931940,0,200
"36",105,123.927,8.988,5291937,0,200
"37",106,122.559,8.768,4233700,0,200
"38",107,126.208,8.861,4159326,0,200
"39",108,123.418,8.673,6808004,0,200
"40",109,129.191,8.869,4661540,0,200
"41",110,117.223,8.971,1252507,0,200
"42",111,117.036,7.754,2838333,0,200
"43",112,108.815,7.395,4999984,0,200
"44",113,123.137,8.63,5062639,0,200
"45",114,122.113,9.366,4819698,0,200
"46",115,123.301,8.815,3600364,0,200
"47",116,117.096,6.047,1169194,0,200
"48",117,120.936,8.904,2626847,0,200
"49",118,123.746,9.139,2736112,0,200
"50",119,120.099,8.321,1468912,0,200
"51",120,129.663,9.517,2739912,0,200
"52",121,124.854,8.795,6236266,0,200
"53",122,122.808,9.324,2627652,0,200
"54",123,123.802,8.797,6670676,0,200
"55",124,127.499,8.311,3405874,0,200
"56",126,122.439,8.328,4886952,0,200
"57",127,114.075,8.06,6964603,0,200
"58",128,121.011,7.361,9517691,0,200
"59",129,128.555,8.649,6038652,0,200
"60",131,116.085,8.246,6372037,0,200
"61",132,108.043,7.918,4628438,0,200
"62",133,123.021,6.826,3862998,0,200
"63",134,121.199,9.061,5446282,0,200
"64",135,114.304,8.314,4761464,0,200
"65",136,115.658,8.724,5526183,0,200
"66",137,127.546,8.482,2733633,0,200
"67",138,123.324,8.809,3644592,0,200
"68",140,118.719,7.974,2277542,0,200
"69",141,108.87,7.76,7305620,0,200
"70",142,119.187,7.457,5678294,0,200
"71",143,135.329,9.325,3844289,0,200
"72",144,124.915,9.174,3238905,0,200
"73",145,128.563,8.674,7234846,0,200
"74",146,123.319,8.924,5153100,0,200
"75",147,107.514,8.451,3443089,0,200
"76",149,120.758,7.933,4883610,0,200
"77",150,124.645,8.755,3867298,0,200
"78",151,124.075,8.48,5063636,0,200
"79",152,126.728,7.737,35092128,0,200
"80",68,121.795,8.055,3709706,10,200
"81",69,125.476,8.534,1764668,10,200
"82",70,126.306,8.441,3366437,10,200
"83",71,124.209,8.308,1636282,10,200
"84",72,123.055,8.426,3729438,10,200
"85",73,116.784,8.235,2636212,10,200
"86",74,119.925,7.61,4746262,10,200
"87",75,124.254,8.74,3261872,10,200
"88",76,120.834,7.907,5609911,10,200
"89",77,123.819,8.354,4828202,10,200
"90",78,122.222,8.204,4054768,10,200
"91",79,124.17,9.166,5212594,10,200
"92",80,125.715,8.43,2794418,10,200
"93",81,121.552,7.745,4721646,10,200
"94",83,115.733,7.84,2072735,10,200
"95",84,118.499,8.12,4176934,10,200
"96",85,122.108,9.342,4959465,10,200
"97",87,113.984,8.497,5431182,10,200
"98",88,121.818,7.999,5276002,10,200
"99",89,121.477,7.093,6365858,10,200
"100",90,122.902,8.695,4741053,10,200
"101",91,126.259,8.525,5840502,10,200
"102",92,129.266,9.282,6374912,10,200
"103",93,126.217,8.629,6758211,10,200
"104",94,132.066,8.748,6884144,10,200
"105",95,114.63,8.518,3977667,10,200
"106",96,123.092,8.205,5724356,10,200
"107",97,118.24,7.56,6635654,10,200
"108",98,123.886,8.951,6011830,10,200
"109",99,127.771,9.456,3934870,10,200
"110",100,124.734,9.329,4424044,10,200
"111",101,128.632,8.893,4932830,10,200
"112",102,114.055,7.028,2056794,10,200
"113",103,124.256,7.915,3548332,10,200
"114",104,124.462,9.192,4146179,10,200
"115",105,123.927,8.988,5375256,10,200
"116",106,122.559,8.768,4215853,10,200
"117",107,126.231,8.858,4249604,10,200
"118",108,123.418,8.673,6633525,10,200
"119",109,129.177,8.87,4708394,10,200
"120",110,117.223,8.971,1075594,10,200
"121",111,117.036,7.754,2725318,10,200
"122",112,108.815,7.395,4980167,10,200
"123",113,123.137,8.63,5009605,10,200
"124",114,122.113,9.366,4861872,10,200
"125",115,123.301,8.815,3621310,10,200
"126",116,117.096,6.047,1210081,10,200
"127",117,120.936,8.904,2846762,10,200
"128",118,123.793,9.144,2948626,10,200
"129",119,120.181,8.323,1720311,10,200
"130",120,129.693,9.514,2692596,10,200
"131",121,124.854,8.795,6063050,10,200
"132",122,122.808,9.324,2260856,10,200
"133",123,123.802,8.797,6770506,10,200
"134",124,127.506,8.318,2843776,10,200
"135",126,122.439,8.328,4781576,10,200
"136",127,114.075,8.06,6699156,10,200
"137",128,121.011,7.361,9517674,10,200
"138",129,128.576,8.668,7122500,10,200
"139",131,116.085,8.246,6275350,10,200
"140",132,108.043,7.918,4557636,10,200
"141",133,123.021,6.826,4001643,10,200
"142",134,121.199,9.061,5765229,10,200
"143",135,114.304,8.314,4482560,10,200
"144",136,115.658,8.724,5082326,10,200
"145",137,127.541,8.487,2372879,10,200
"146",138,123.324,8.809,3551114,10,200
"147",140,118.709,7.969,2554989,10,200
"148",141,108.87,7.76,7128146,10,200
"149",142,119.187,7.457,5912310,10,200
"150",143,135.325,9.323,3669820,10,200
"151",144,124.894,9.184,3820994,10,200
"152",145,128.576,8.668,7122500,10,200
"153",146,123.319,8.924,5113632,10,200
"154",147,107.514,8.451,3595399,10,200
"155",149,120.758,7.933,4905190,10,200
"156",150,124.645,8.755,4082000,10,200
"157",151,124.075,8.48,5091821,10,200
"158",152,126.728,7.737,34371512,10,200
"159",68,121.795,8.055,3921328,20,200
"160",69,125.467,8.544,2307691,20,200
"161",70,126.314,8.444,3410471,20,200
"162",71,124.209,8.308,1535572,20,200
"163",72,123.055,8.426,3634790,20,200
"164",73,116.787,8.237,2603697,20,200
"165",74,119.918,7.609,4527203,20,200
"166",75,124.254,8.74,3111813,20,200
"167",76,120.804,7.924,6190072,20,200
"168",77,123.819,8.354,4636646,20,200
"169",78,122.222,8.204,4037577,20,200
"170",79,124.17,9.166,5079974,20,200
"171",80,125.693,8.432,2340954,20,200
"172",81,121.549,7.744,4450386,20,200
"173",83,115.733,7.84,2276102,20,200
"174",84,118.495,8.12,4206180,20,200
"175",85,122.108,9.342,4645274,20,200
"176",87,113.974,8.498,5340960,20,200
"177",88,121.818,7.999,5154108,20,200
"178",89,121.489,7.094,6166557,20,200
"179",90,122.902,8.695,4826705,20,200
"180",91,126.241,8.525,6059257,20,200
"181",92,129.266,9.283,6531306,20,200
"182",93,126.199,8.632,7203273,20,200
"183",94,132.062,8.75,6963796,20,200
"184",95,114.66,8.522,4189192,20,200
"185",96,123.092,8.205,5858344,20,200
"186",97,118.263,7.56,6916938,20,200
"187",98,123.886,8.951,5581860,20,200
"188",99,127.774,9.461,4311238,20,200
"189",100,124.74,9.328,4420004,20,200
"190",101,128.619,8.897,4890790,20,200
"191",102,114.055,7.028,2147623,20,200
"192",103,124.256,7.915,3493740,20,200
"193",104,124.462,9.192,4110255,20,200
"194",105,123.927,8.988,5313083,20,200
"195",106,122.597,8.774,4343510,20,200
"196",107,126.218,8.86,4560886,20,200
"197",108,123.418,8.673,6485561,20,200
"198",109,129.168,8.87,4715600,20,200
"199",110,117.241,8.97,1559516,20,200
"200",111,117.052,7.755,2963071,20,200
"201",112,108.815,7.395,4965864,20,200
"202",113,123.137,8.63,4996540,20,200
"203",114,122.113,9.366,4374634,20,200
"204",115,123.301,8.815,3712864,20,200
"205",116,117.096,6.047,1382650,20,200
"206",117,120.952,8.906,2726984,20,200
"207",118,123.793,9.144,2937304,20,200
"208",119,120.162,8.33,1627092,20,200
"209",120,129.699,9.514,2666053,20,200
"210",121,124.854,8.795,6011052,20,200
"211",122,122.808,9.324,2172512,20,200
"212",123,123.802,8.797,6746651,20,200
"213",124,127.511,8.319,2842997,20,200
"214",126,122.439,8.328,4731138,20,200
"215",127,114.083,8.058,7331489,20,200
"216",128,121.016,7.361,9699894,20,200
"217",129,128.58,8.669,7143916,20,200
"218",131,116.073,8.245,6247276,20,200
"219",132,108.043,7.918,4407528,20,200
"220",133,123.021,6.826,4049130,20,200
"221",134,121.192,9.059,5527134,20,200
"222",135,114.306,8.319,4868986,20,200
"223",136,115.708,8.725,5471046,20,200
"224",137,127.525,8.486,2801637,20,200
"225",138,123.324,8.809,3723882,20,200
"226",140,118.736,7.973,2507880,20,200
"227",141,108.87,7.76,7117172,20,200
"228",142,119.192,7.455,5689484,20,200
"229",143,135.349,9.325,3370314,20,200
"230",144,124.894,9.184,3711480,20,200
"231",145,128.58,8.669,7143916,20,200
"232",146,123.319,8.924,5363768,20,200
"233",147,107.514,8.451,3317832,20,200
"234",149,120.804,7.924,6190072,20,200
"235",150,124.645,8.755,4079531,20,200
"236",151,124.075,8.48,4974418,20,200
"237",152,126.728,7.737,34023636,20,200
"238",68,121.795,8.055,3740854,50,200
"239",69,125.514,8.542,1777618,50,200
"240",70,126.3,8.439,3270971,50,200
"241",71,124.243,8.327,2123141,50,200
"242",72,123.026,8.422,4285900,50,200
"243",73,116.773,8.237,2528056,50,200
"244",74,119.927,7.608,4381632,50,200
"245",75,124.254,8.74,3258073,50,200
"246",76,120.799,7.925,5863116,50,200
"247",77,123.805,8.353,4611538,50,200
"248",78,122.222,8.204,4007768,50,200
"249",79,124.168,9.166,5035822,50,200
"250",80,125.716,8.429,2717328,50,200
"251",81,121.542,7.744,4413054,50,200
"252",83,115.74,7.837,2046994,50,200
"253",84,118.497,8.121,3944682,50,200
"254",85,122.108,9.342,4592754,50,200
"255",87,113.969,8.496,5354939,50,200
"256",88,121.818,7.999,5191255,50,200
"257",89,121.492,7.094,6697021,50,200
"258",90,122.902,8.695,4811454,50,200
"259",91,126.224,8.527,5560364,50,200
"260",92,129.243,9.283,6648294,50,200
"261",93,126.183,8.636,6380206,50,200
"262",94,132.055,8.752,6856596,50,200
"263",95,114.666,8.524,3937251,50,200
"264",96,123.092,8.205,5307668,50,200
"265",97,118.272,7.561,6974416,50,200
"266",98,123.886,8.951,5733527,50,200
"267",99,127.762,9.459,4088995,50,200
"268",100,124.753,9.328,4371722,50,200
"269",101,128.63,8.894,5057381,50,200
"270",102,114.095,7.034,2494268,50,200
"271",103,124.256,7.915,3778578,50,200
"272",104,124.474,9.2,3995352,50,200
"273",105,123.927,8.988,5350658,50,200
"274",106,122.597,8.774,4074926,50,200
"275",107,126.219,8.861,4347030,50,200
"276",108,123.418,8.673,6530131,50,200
"277",109,129.188,8.872,4619690,50,200
"278",110,117.217,8.98,1218138,50,200
"279",111,117.051,7.756,2826102,50,200
"280",112,108.815,7.395,5055926,50,200
"281",113,123.137,8.63,4789889,50,200
"282",114,122.113,9.366,4334939,50,200
"283",115,123.301,8.815,3544802,50,200
"284",116,117.096,6.047,1164621,50,200
"285",117,120.957,8.908,2701196,50,200
"286",118,123.807,9.143,2923720,50,200
"287",119,120.139,8.324,1865396,50,200
"288",120,129.666,9.515,2567904,50,200
"289",121,124.854,8.795,6349969,50,200
"290",122,122.808,9.324,2313176,50,200
"291",123,123.802,8.797,6896716,50,200
"292",124,127.511,8.319,3176960,50,200
"293",126,122.435,8.326,4972063,50,200
"294",127,114.089,8.058,7151296,50,200
"295",128,121.012,7.36,9314651,50,200
"296",129,128.589,8.67,7361486,50,200
"297",131,116.086,8.247,6056297,50,200
"298",132,108.043,7.918,4608200,50,200
"299",133,123.043,6.825,3872230,50,200
"300",134,121.177,9.059,5739544,50,200
"301",135,114.292,8.319,4746168,50,200
"302",136,115.733,8.725,5196486,50,200
"303",137,127.525,8.486,2818390,50,200
"304",138,123.324,8.809,3654514,50,200
"305",140,118.694,7.975,2560506,50,200
"306",141,108.87,7.76,7233106,50,200
"307",142,119.179,7.455,6070796,50,200
"308",143,135.348,9.32,3437601,50,200
"309",144,124.896,9.188,3640876,50,200
"310",145,128.589,8.67,7361486,50,200
"311",146,123.319,8.924,5137022,50,200
"312",147,107.514,8.451,3116197,50,200
"313",149,120.799,7.925,5863116,50,200
"314",150,124.645,8.755,3669887,50,200
"315",151,124.106,8.481,5401920,50,200
"316",152,126.728,7.737,33758840,50,200
"317",68,121.783,8.056,3731620,100,200
"318",69,125.472,8.538,2157143,100,200
"319",70,126.313,8.444,3332571,100,200
"320",71,124.19,8.324,2073259,100,200
"321",72,123.026,8.422,3867513,100,200
"322",73,116.768,8.237,2634882,100,200
"323",74,119.926,7.608,4523758,100,200
"324",75,124.254,8.74,3006208,100,200
"325",76,120.797,7.924,6074058,100,200
"326",77,123.805,8.353,4857548,100,200
"327",78,122.222,8.204,3906139,100,200
"328",79,124.168,9.166,5000420,100,200
"329",80,125.682,8.423,2056016,100,200
"330",81,121.538,7.746,4313449,100,200
"331",83,115.725,7.836,2071283,100,200
"332",84,118.485,8.122,3934886,100,200
"333",85,122.108,9.342,4580256,100,200
"334",87,113.949,8.498,5092121,100,200
"335",88,121.815,8.001,4955292,100,200
"336",89,121.485,7.096,6118308,100,200
"337",90,122.902,8.695,3840928,100,200
"338",91,126.231,8.529,5327590,100,200
"339",92,129.227,9.283,5710521,100,200
"340",93,126.141,8.638,5976582,100,200
"341",94,132.06,8.752,6635631,100,200
"342",95,114.696,8.528,3711116,100,200
"343",96,123.092,8.205,4606724,100,200
"344",97,118.271,7.561,6822227,100,200
"345",98,123.886,8.951,5451190,100,200
"346",99,127.767,9.461,4148898,100,200
"347",100,124.753,9.328,4032174,100,200
"348",101,128.607,8.893,4626274,100,200
"349",102,114.107,7.031,2143519,100,200
"350",103,124.262,7.917,3594417,100,200
"351",104,124.474,9.2,4060798,100,200
"352",105,123.927,8.988,5410958,100,200
"353",106,122.597,8.774,4450188,100,200
"354",107,126.216,8.858,4330209,100,200
"355",108,123.418,8.673,6456570,100,200
"356",109,129.18,8.87,4654426,100,200
"357",110,117.238,8.982,1476061,100,200
"358",111,117.042,7.759,2878062,100,200
"359",112,108.838,7.395,4770060,100,200
"360",113,123.137,8.63,4749702,100,200
"361",114,122.113,9.366,4497834,100,200
"362",115,123.301,8.815,3620660,100,200
"363",116,117.096,6.047,922737,100,200
"364",117,120.977,8.906,2451232,100,200
"365",118,123.807,9.143,2944791,100,200
"366",119,120.139,8.324,1641261,100,200
"367",120,129.636,9.515,2285969,100,200
"368",121,124.854,8.795,6040386,100,200
"369",122,122.808,9.324,2285045,100,200
"370",123,123.802,8.797,6737920,100,200
"371",124,127.504,8.319,3063247,100,200
"372",126,122.435,8.326,4894580,100,200
"373",127,114.089,8.057,6986138,100,200
"374",128,121.017,7.359,9559870,100,200
"375",129,128.589,8.671,7012100,100,200
"376",131,116.095,8.246,6003126,100,200
"377",132,108.055,7.919,4469716,100,200
"378",133,123.049,6.824,3764782,100,200
"379",134,121.16,9.058,5613562,100,200
"380",135,114.276,8.318,4571594,100,200
"381",136,115.774,8.726,4818356,100,200
"382",137,127.498,8.493,2349148,100,200
"383",138,123.324,8.809,3335005,100,200
"384",140,118.705,7.971,2627998,100,200
"385",141,108.869,7.759,7061849,100,200
"386",142,119.176,7.457,5754510,100,200
"387",143,135.366,9.328,3028882,100,200
"388",144,124.896,9.188,3905858,100,200
"389",145,128.589,8.671,7012100,100,200
"390",146,123.319,8.924,4800932,100,200
"391",147,107.532,8.453,3026699,100,200
"392",149,120.797,7.924,6074058,100,200
"393",150,124.645,8.755,3641672,100,200
"394",151,124.106,8.481,5213636,100,200
"395",152,126.719,7.74,33745776,100,200
"396",68,121.786,8.057,3643065,200,200
"397",69,125.488,8.539,2005754,200,200
"398",70,126.321,8.442,3082107,200,200
"399",71,124.19,8.324,2107882,200,200
"400",72,123.026,8.422,3420121,200,200
"401",73,116.756,8.234,2328234,200,200
"402",74,119.913,7.607,4496007,200,200
"403",75,124.254,8.74,3056518,200,200
"404",76,120.793,7.925,5349434,200,200
"405",77,123.805,8.353,4759180,200,200
"406",78,122.188,8.204,3799217,200,200
"407",79,124.168,9.166,5052629,200,200
"408",80,125.676,8.426,2290982,200,200
"409",81,121.536,7.745,4445811,200,200
"410",83,115.77,7.834,2304219,200,200
"411",84,118.478,8.124,3908578,200,200
"412",85,122.108,9.342,4561758,200,200
"413",87,113.937,8.494,5032472,200,200
"414",88,121.815,8.001,4800935,200,200
"415",89,121.48,7.098,5961059,200,200
"416",90,122.902,8.695,2145014,200,200
"417",91,126.186,8.536,4836800,200,200
"418",92,129.154,9.283,5690898,200,200
"419",93,126.018,8.644,4384476,200,200
"420",94,132.023,8.758,6577854,200,200
"421",95,114.744,8.531,3522319,200,200
"422",96,123.251,8.203,4831562,200,200
"423",97,118.282,7.565,6580302,200,200
"424",98,123.886,8.951,5271126,200,200
"425",99,127.756,9.461,3943847,200,200
"426",100,124.755,9.326,4175222,200,200
"427",101,128.607,8.896,4774378,200,200
"428",102,114.063,7.024,2058721,200,200
"429",103,124.269,7.918,3271606,200,200
"430",104,124.474,9.2,4222882,200,200
"431",105,123.927,8.988,5056634,200,200
"432",106,122.597,8.774,4455528,200,200
"433",107,126.204,8.859,4055080,200,200
"434",108,123.418,8.673,6208602,200,200
"435",109,129.177,8.87,4298736,200,200
"436",110,117.236,8.976,1475523,200,200
"437",111,117.012,7.756,2793104,200,200
"438",112,108.838,7.395,4626434,200,200
"439",113,123.137,8.63,4453959,200,200
"440",114,122.125,9.354,4809390,200,200
"441",115,123.301,8.815,3428982,200,200
"442",116,117.096,6.047,1016690,200,200
"443",117,120.974,8.908,2806354,200,200
"444",118,123.807,9.143,2576068,200,200
"445",119,120.088,8.33,1515294,200,200
"446",120,129.624,9.518,2406399,200,200
"447",121,124.864,8.793,5565276,200,200
"448",122,122.716,9.323,2529955,200,200
"449",123,123.802,8.797,6558915,200,200
"450",124,127.486,8.323,2984766,200,200
"451",126,122.435,8.326,4812428,200,200
"452",127,114.085,8.055,7209721,200,200
"453",128,121.013,7.357,9174043,200,200
"454",129,128.58,8.672,7406980,200,200
"455",131,116.137,8.249,5673252,200,200
"456",132,108.055,7.919,4141742,200,200
"457",133,123.029,6.817,3810861,200,200
"458",134,121.126,9.06,5316990,200,200
"459",135,114.256,8.321,4624996,200,200
"460",136,115.844,8.73,4764104,200,200
"461",137,127.424,8.5,2637160,200,200
"462",138,123.324,8.809,3483334,200,200
"463",140,118.698,7.97,2662805,200,200
"464",141,108.869,7.759,6813472,200,200
"465",142,119.184,7.454,5856964,200,200
"466",143,135.367,9.319,3273883,200,200
"467",144,124.896,9.188,3642642,200,200
"468",145,128.58,8.672,7406980,200,200
"469",146,123.319,8.924,4986316,200,200
"470",147,107.532,8.453,3249274,200,200
"471",149,120.793,7.925,5349434,200,200
"472",150,124.645,8.755,3059961,200,200
"473",151,124.106,8.481,5479362,200,200
"474",152,126.712,7.739,33336630,200,200
"475",68,121.816,8.053,3419920,400,200
"476",69,125.531,8.553,1950575,400,200
"477",70,126.347,8.446,2721514,400,200
"478",71,124.19,8.324,1815843,400,200
"479",72,123.026,8.422,3257627,400,200
"480",73,116.618,8.232,2418087,400,200
"481",74,119.895,7.599,4183061,400,200
"482",75,124.254,8.74,2534806,400,200
"483",76,120.793,7.925,4968616,400,200
"484",77,123.805,8.353,3971832,400,200
"485",78,122.153,8.206,3750572,400,200
"486",79,124.109,9.171,4289034,400,200
"487",80,125.65,8.426,1867980,400,200
"488",81,121.515,7.747,4259316,400,200
"489",83,115.776,7.833,2145762,400,200
"490",84,118.494,8.126,3864918,400,200
"491",85,122.108,9.342,4530274,400,200
"492",87,113.877,8.491,4776179,400,200
"493",88,121.822,8.007,4916699,400,200
"494",89,121.485,7.105,5603344,400,200
"495",90,122.587,8.687,3256737,400,200
"496",91,126.121,8.546,4443948,400,200
"497",92,129.04,9.283,5337215,400,200
"498",93,125.769,8.658,2903643,400,200
"499",94,131.958,8.763,6107268,400,200
"500",95,114.885,8.545,2485514,400,200
"501",96,123.415,8.205,4177168,400,200
"502",97,118.317,7.569,6401515,400,200
"503",98,123.969,8.954,5726758,400,200
"504",99,127.748,9.463,3580469,400,200
"505",100,124.806,9.342,3798188,400,200
"506",101,128.67,8.893,4875962,400,200
"507",102,114.091,7.019,2089741,400,200
"508",103,124.269,7.918,3340224,400,200
"509",104,124.477,9.205,4212802,400,200
"510",105,123.927,8.988,5069470,400,200
"511",106,122.597,8.774,4384788,400,200
"512",107,126.193,8.859,4355226,400,200
"513",108,123.418,8.673,5889584,400,200
"514",109,129.179,8.868,4531716,400,200
"515",110,117.18,8.976,909860,400,200
"516",111,117.014,7.756,2616356,400,200
"517",112,108.823,7.392,4815836,400,200
"518",113,123.137,8.63,4119782,400,200
"519",114,122.125,9.354,4696233,400,200
"520",115,123.301,8.815,3272497,400,200
"521",116,117.096,6.047,948485,400,200
"522",117,121.001,8.915,2732380,400,200
"523",118,123.847,9.139,2570186,400,200
"524",119,120.165,8.321,1991071,400,200
"525",120,129.645,9.518,2525336,400,200
"526",121,124.858,8.792,5442590,400,200
"527",122,122.632,9.326,2162010,400,200
"528",123,123.802,8.797,6117294,400,200
"529",124,127.478,8.332,2650769,400,200
"530",126,122.435,8.326,4673534,400,200
"531",127,114.093,8.051,6910392,400,200
"532",128,121.009,7.357,8587950,400,200
"533",129,128.582,8.675,7403693,400,200
"534",131,116.203,8.254,5296899,400,200
"535",132,107.994,7.924,4050445,400,200
"536",133,123.023,6.806,3499039,400,200
"537",134,121.059,9.064,5422880,400,200
"538",135,114.231,8.324,4325400,400,200
"539",136,116.029,8.734,4397412,400,200
"540",137,127.295,8.506,2214475,400,200
"541",138,123.324,8.809,3346135,400,200
"542",140,118.702,7.966,2221992,400,200
"543",141,108.857,7.755,6579694,400,200
"544",142,119.166,7.454,5604344,400,200
"545",143,135.417,9.315,2903169,400,200
"546",144,124.843,9.195,3562601,400,200
"547",145,128.582,8.675,7403693,400,200
"548",146,123.319,8.924,4665688,400,200
"549",147,107.495,8.439,2966989,400,200
"550",149,120.793,7.925,4968616,400,200
"551",150,124.524,8.758,3777412,400,200
"552",151,124.106,8.481,4790085,400,200
"553",152,126.704,7.739,31985984,400,200
"554",68,121.816,8.053,3356832,600,200
"555",69,125.568,8.547,2142812,600,200
"556",70,126.401,8.45,2796178,600,200
"557",71,124.19,8.324,1764210,600,200
"558",72,122.957,8.429,3509398,600,200
"559",73,116.621,8.24,2537778,600,200
"560",74,119.897,7.6,4331220,600,200
"561",75,124.163,8.773,4099530,600,200
"562",76,120.793,7.925,4204654,600,200
"563",77,123.812,8.354,4358040,600,200
"564",78,122.132,8.206,3689115,600,200
"565",79,124.071,9.175,4512916,600,200
"566",80,125.609,8.431,2378626,600,200
"567",81,121.509,7.748,4036886,600,200
"568",83,115.789,7.837,2315463,600,200
"569",84,118.496,8.13,3580751,600,200
"570",85,122.098,9.35,4458926,600,200
"571",87,113.85,8.492,4703711,600,200
"572",88,121.822,8.007,4533584,600,200
"573",89,121.48,7.109,5294384,600,200
"574",90,122.456,8.678,2806167,600,200
"575",91,126.079,8.557,4259469,600,200
"576",92,128.959,9.283,4891314,600,200
"577",93,125.659,8.673,2483524,600,200
"578",94,131.925,8.77,5809578,600,200
"579",95,114.932,8.55,2279154,600,200
"580",96,123.506,8.205,3789658,600,200
"581",97,118.339,7.574,6372867,600,200
"582",98,123.969,8.954,5842884,600,200
"583",99,127.74,9.468,3914123,600,200
"584",100,124.812,9.348,2963570,600,200
"585",101,128.657,8.891,4874188,600,200
"586",102,114.093,7.019,2023711,600,200
"587",103,124.269,7.918,3165340,600,200
"588",104,124.478,9.206,3958558,600,200
"589",105,123.927,8.988,5443645,600,200
"590",106,122.597,8.774,4150850,600,200
"591",107,126.181,8.863,3840605,600,200
"592",108,123.436,8.674,5761830,600,200
"593",109,129.193,8.87,4302272,600,200
"594",110,117.179,8.968,982696,600,200
"595",111,117.028,7.758,2496181,600,200
"596",112,108.8,7.394,4558206,600,200
"597",113,123.124,8.622,3865927,600,200
"598",114,122.098,9.35,4458926,600,200
"599",115,123.301,8.815,3045699,600,200
"600",116,117.096,6.047,941064,600,200
"601",117,121.001,8.915,2565802,600,200
"602",118,123.847,9.139,2992452,600,200
"603",119,120.165,8.321,1664723,600,200
"604",120,129.59,9.522,2186922,600,200
"605",121,124.859,8.791,5511323,600,200
"606",122,122.594,9.321,2272751,600,200
"607",123,123.783,8.788,6121730,600,200
"608",124,127.447,8.344,2260916,600,200
"609",126,122.475,8.328,4896810,600,200
"610",127,114.097,8.05,6760238,600,200
"611",128,121.006,7.356,8475020,600,200
"612",129,128.585,8.678,7604048,600,200
"613",131,116.258,8.258,5169867,600,200
"614",132,107.958,7.922,4097487,600,200
"615",133,123.029,6.804,3479828,600,200
"616",134,121.059,9.064,4329704,600,200
"617",135,114.199,8.328,4590114,600,200
"618",136,116.132,8.739,3672046,600,200
"619",137,127.263,8.515,2469222,600,200
"620",138,123.324,8.809,3106769,600,200
"621",140,118.709,7.963,2322039,600,200
"622",141,108.851,7.754,6543949,600,200
"623",142,119.168,7.452,5582464,600,200
"624",143,135.416,9.323,3337134,600,200
"625",144,124.813,9.201,3445362,600,200
"626",145,128.585,8.678,7604048,600,200
"627",146,123.319,8.924,4606828,600,200
"628",147,107.479,8.433,2740584,600,200
"629",149,120.793,7.925,4204654,600,200
"630",150,124.462,8.758,3540250,600,200
"631",151,124.099,8.481,4986069,600,200
"632",152,126.692,7.74,31628928,600,200
"633",68,121.85,8.075,3160238,1000,200
"634",69,125.565,8.554,2465862,1000,200
"635",70,126.404,8.459,2930202,1000,200
"636",71,124.19,8.324,1553086,1000,200
"637",72,122.924,8.429,3166420,1000,200
"638",73,116.621,8.24,2517554,1000,200
"639",74,119.872,7.595,4500730,1000,200
"640",75,124.163,8.773,4252865,1000,200
"641",76,120.798,7.913,3132409,1000,200
"642",77,123.82,8.352,4563737,1000,200
"643",78,122.081,8.205,3460533,1000,200
"644",79,124.071,9.175,3371022,1000,200
"645",80,125.525,8.42,2138911,1000,200
"646",81,121.506,7.75,3836594,1000,200
"647",83,115.789,7.837,1995488,1000,200
"648",84,118.511,8.135,3342130,1000,200
"649",85,122.052,9.352,4183480,1000,200
"650",87,113.773,8.49,4731291,1000,200
"651",88,121.85,8.023,4271106,1000,200
"652",89,121.468,7.117,5210696,1000,200
"653",90,122.218,8.666,2386954,1000,200
"654",91,125.979,8.567,4242490,1000,200
"655",92,128.794,9.281,4667752,1000,200
"656",93,125.379,8.7,1678477,1000,200
"657",94,131.845,8.779,5359500,1000,200
"658",95,115.104,8.563,1942438,1000,200
"659",96,123.749,8.203,3094842,1000,200
"660",97,118.349,7.582,5917442,1000,200
"661",98,123.969,8.954,4748564,1000,200
"662",99,127.724,9.469,3997535,1000,200
"663",100,124.908,9.355,2650432,1000,200
"664",101,128.662,8.893,4569190,1000,200
"665",102,114.059,7.021,1578187,1000,200
"666",103,124.269,7.918,2551212,1000,200
"667",104,124.478,9.206,3506379,1000,200
"668",105,123.927,8.988,4967036,1000,200
"669",106,122.626,8.768,4007274,1000,200
"670",107,126.124,8.858,3528750,1000,200
"671",108,123.436,8.674,4815518,1000,200
"672",109,129.174,8.868,3626581,1000,200
"673",110,117.188,8.987,922191,1000,200
"674",111,117.013,7.758,2352999,1000,200
"675",112,108.791,7.394,4357316,1000,200
"676",113,123.124,8.622,3236354,1000,200
"677",114,122.052,9.352,4183480,1000,200
"678",115,123.301,8.815,2739121,1000,200
"679",116,117.088,6.067,915656,1000,200
"680",117,121.052,8.918,2024376,1000,200
"681",118,123.266,9.142,1041316,1000,200
"682",119,120.026,8.316,1609635,1000,200
"683",120,129.548,9.524,2097322,1000,200
"684",121,124.859,8.791,5221646,1000,200
"685",122,122.468,9.321,2374904,1000,200
"686",123,123.783,8.788,5739988,1000,200
"687",124,127.409,8.364,1827860,1000,200
"688",126,122.459,8.33,4497100,1000,200
"689",127,114.094,8.045,6197085,1000,200
"690",128,121.002,7.354,7745239,1000,200
"691",129,128.579,8.681,7193848,1000,200
"692",131,116.258,8.258,3202890,1000,200
"693",132,107.896,7.925,3741449,1000,200
"694",133,123.009,6.791,3171888,1000,200
"695",134,120.915,9.066,4697548,1000,200
"696",135,114.166,8.335,4343150,1000,200
"697",136,116.38,8.747,3399786,1000,200
"698",137,127.108,8.528,2342521,1000,200
"699",138,123.324,8.809,2516943,1000,200
"700",140,118.703,7.969,2587544,1000,200
"701",141,108.827,7.75,6429671,1000,200
"702",142,119.157,7.451,5348401,1000,200
"703",143,135.479,9.321,3137236,1000,200
"704",144,124.813,9.209,3400115,1000,200
"705",145,128.579,8.681,7193848,1000,200
"706",146,123.319,8.924,4019969,1000,200
"707",147,107.452,8.425,2418371,1000,200
"708",149,120.665,7.947,3239424,1000,200
"709",150,124.462,8.758,2787861,1000,200
"710",151,124.103,8.481,5298777,1000,200
"711",152,126.675,7.738,32775414,1000,200
"712",68,121.85,8.075,3384717,1350,200
"713",69,125.592,8.562,2388386,1350,200
"714",70,126.419,8.454,2663753,1350,200
"715",71,124.165,8.314,1992312,1350,200
"716",72,122.886,8.43,3025562,1350,200
"717",73,116.423,8.267,4590579,1350,200
"718",74,119.833,7.595,3955213,1350,200
"719",75,124.163,8.773,4237494,1350,200
"720",76,120.798,7.913,2914512,1350,200
"721",77,123.822,8.351,4484221,1350,200
"722",78,122.081,8.205,3333571,1350,200
"723",79,123.95,9.175,3630310,1350,200
"724",80,125.514,8.423,2206140,1350,200
"725",81,121.488,7.747,3825102,1350,200
"726",83,115.865,7.833,1838644,1350,200
"727",84,118.509,8.14,3268994,1350,200
"728",85,122.052,9.352,3341120,1350,200
"729",87,113.725,8.489,4934176,1350,200
"730",88,121.85,8.023,4270096,1350,200
"731",89,121.434,7.125,4554146,1350,200
"732",90,121.998,8.65,2178706,1350,200
"733",91,125.913,8.579,3817596,1350,200
"734",92,128.679,9.279,4367504,1350,200
"735",93,125.217,8.718,1594304,1350,200
"736",94,131.787,8.782,4875281,1350,200
"737",95,115.184,8.574,1752630,1350,200
"738",96,123.956,8.199,3257113,1350,200
"739",97,118.367,7.585,5587844,1350,200
"740",98,123.969,8.954,4089979,1350,200
"741",99,127.709,9.474,3519228,1350,200
"742",100,124.921,9.351,2436232,1350,200
"743",101,128.635,8.895,4422890,1350,200
"744",102,114.068,7.002,1532194,1350,200
"745",103,124.267,7.933,2874624,1350,200
"746",104,124.478,9.206,3035405,1350,200
"747",105,124.043,8.993,4436510,1350,200
"748",106,122.626,8.768,3653448,1350,200
"749",107,126.085,8.856,3090407,1350,200
"750",108,123.436,8.674,4566642,1350,200
"751",109,129.199,8.868,3462572,1350,200
"752",110,117.245,8.982,1191816,1350,200
"753",111,116.99,7.755,2476922,1350,200
"754",112,108.791,7.394,3855821,1350,200
"755",113,123.124,8.622,3238320,1350,200
"756",114,122.052,9.352,3341120,1350,200
"757",115,123.301,8.815,2438191,1350,200
"758",116,117.088,6.067,789150,1350,200
"759",117,121.077,8.923,1940776,1350,200
"760",118,123.266,9.142,803304,1350,200
"761",119,119.959,8.304,1460906,1350,200
"762",120,129.492,9.521,1926742,1350,200
"763",121,124.859,8.785,4639753,1350,200
"764",122,122.352,9.321,2276094,1350,200
"765",123,123.783,8.788,5266368,1350,200
"766",124,127.395,8.387,1670091,1350,200
"767",126,122.459,8.33,4699553,1350,200
"768",127,114.092,8.041,5983799,1350,200
"769",128,120.994,7.351,7692813,1350,200
"770",129,128.588,8.684,6948430,1350,200
"771",131,116.423,8.267,4590579,1350,200
"772",132,107.896,7.925,3940184,1350,200
"773",133,123.001,6.781,2756449,1350,200
"774",134,120.84,9.068,4578760,1350,200
"775",135,114.124,8.338,4402913,1350,200
"776",136,116.512,8.75,2954616,1350,200
"777",137,127.041,8.537,2441610,1350,200
"778",138,123.324,8.809,2284965,1350,200
"779",140,118.709,7.966,2270469,1350,200
"780",141,108.827,7.75,6435173,1350,200
"781",142,119.156,7.447,5197702,1350,200
"782",143,135.501,9.323,2970420,1350,200
"783",144,124.813,9.209,2954088,1350,200
"784",145,128.588,8.684,6948430,1350,200
"785",146,123.363,8.917,3816975,1350,200
"786",147,107.452,8.425,1751097,1350,200
"787",149,120.705,7.94,3026255,1350,200
"788",150,124.142,8.778,4446702,1350,200
"789",151,124.125,8.482,5857756,1350,200
"790",152,126.658,7.736,32721462,1350,200
