residue,intensity,1H,15N,obs,tit
2,16.5687,8.878960000000001,123.84378000000001,200,0
3,4.1108,8.23188,116.04288000000001,200,0
4,4.211,8.52135,119.37446000000001,200,0
5,2.2054,9.26126,122.06022,200,0
6,7.3868,8.90837,128.64247,200,0
7,8.6033,8.72672,116.13325,200,0
8,2.6836,9.04687,122.29633000000001,200,0
9,3.8438,7.522419999999999,105.78532,200,0
10,4.9917,7.67055,109.73993999999999,200,0
11,4.5235,7.2614600000000005,123.25007,200,0
12,12.5076,8.603069999999999,121.76238000000001,200,0
13,1.6826,9.518130000000001,128.90778,200,0
14,4.3426,8.654539999999999,122.44838,200,0
15,2.8158,8.63291,125.83398999999999,200,0
16,18.8586,8.06378,123.42523,200,0
17,7.3957,8.870519999999999,118.57235,200,0
18,13.943,8.59377,120.16495,200,0
20,8.0366,6.964639999999999,104.28209,200,0
21,10.3377,7.9955,124.82028999999999,200,0
22,13.2518,7.815510000000001,109.84898999999999,200,0
23,9.6633,8.45674,122.26348,200,0
25,10.3411,7.84428,122.00737,200,0
26,6.4956,8.053519999999999,123.39315,200,0
27,2.9178,8.48715,119.75186000000001,200,0
28,8.6368,7.896539999999999,124.24161000000001,200,0
29,5.1223,7.79713,121.20348999999999,200,0
30,2.0573,8.20726,122.36613,200,0
31,5.3382,8.461789999999999,124.33611,200,0
32,5.3757,7.99915,120.81216,200,0
33,5.1251,7.39663,116.51378999999999,200,0
34,3.1909,8.62903,114.88876,200,0
35,4.659,8.39944,109.79536,200,0
36,3.3739,6.06273,121.25111000000001,200,0
39,11.39,8.47535,114.50183999999999,200,0
40,7.0004,7.74494,117.73546999999999,200,0
41,6.6031,7.37635,118.68166000000001,200,0
42,4.7623,8.39729,123.69691999999999,200,0
43,8.9603,8.68097,124.72757,200,0
44,2.6618,9.10418,123.41984,200,0
45,11.0679,8.76255,125.78321000000001,200,0
46,6.3869,8.84164,133.56845,200,0
47,7.7922,8.1997,103.73164,200,0
48,2.6604,7.91173,123.06889,200,0
49,11.5152,8.66734,123.6225,200,0
50,11.662,8.51628,126.60395,200,0
51,10.1906,8.380239999999999,123.98308,200,0
52,13.3216,8.13231,121.31538,200,0
54,11.6513,7.411580000000001,120.4354,200,0
55,13.2441,8.73877,109.62263,200,0
56,11.0066,8.073789999999999,118.85717,200,0
57,8.7884,8.41871,114.34586000000002,200,0
58,7.3943,7.882210000000001,125.48156000000002,200,0
59,7.5241,7.176010000000001,116.63536,200,0
60,8.7165,8.074069999999999,116.90543000000001,200,0
61,11.3095,7.21718,119.9729,200,0
62,15.7683,7.56158,125.71706,200,0
63,17.5523,8.39815,121.37823,200,0
64,11.465,9.2302,115.66196000000001,200,0
65,8.0223,7.625710000000001,116.00222,200,0
66,12.2621,8.62541,118.3176,200,0
2,7.2756,8.87541,123.81371000000001,200,135
3,1.6185,8.237810000000001,116.05695,200,135
4,1.4019,8.52612,119.41877,200,135
5,0.5719,9.26856,122.08986000000002,200,135
6,2.3274,8.90597,128.60898999999998,200,135
7,2.2716,8.725,116.12116999999999,200,135
8,-0.0375,9.03843,122.29942,200,135
9,1.0029,7.536519999999999,105.72398999999999,200,135
10,1.9765,7.667260000000001,109.71818999999999,200,135
11,1.1773,7.254910000000001,123.24547,200,135
12,4.7399,8.604339999999999,121.74446999999999,200,135
13,0.5989,9.510489999999999,128.99438,200,135
14,1.5944,8.65803,122.4644,200,135
15,1.0875,8.67532,125.83712,200,135
16,12.804,8.0694,123.46425,200,135
17,4.7973,8.86771,118.56998999999999,200,135
18,8.7881,8.6002,120.20195,200,135
20,7.1699,6.96185,104.29306,200,135
21,8.7502,7.98995,124.80247,200,135
22,8.4353,7.810219999999999,109.79842,200,135
23,7.9962,8.45622,122.24716000000001,200,135
25,7.8198,7.84611,122.03838,200,135
26,7.4795,8.05788,123.39336999999999,200,135
27,1.4949,8.48473,119.77351000000002,200,135
28,4.0085,7.898569999999999,124.26114,200,135
29,2.2514,7.7961100000000005,121.16949,200,135
30,1.1715,8.20627,122.34335,200,135
31,3.2101,8.46086,124.3347,200,135
32,2.6151,7.99987,120.816,200,135
33,1.7309999999999999,7.39135,116.47188,200,135
34,1.7265,8.62727,114.85883000000001,200,135
35,2.9661,8.39813,109.77108999999999,200,135
36,1.4601,6.06255,121.26055,200,135
39,6.7506,8.47677,114.46311999999999,200,135
40,4.9178,7.74563,117.76966000000002,200,135
41,2.3681,7.37069,118.67284,200,135
42,2.9946,8.395710000000001,123.75707,200,135
43,3.4702,8.68468,124.78256999999999,200,135
44,0.7916,9.10241,123.3593,200,135
45,3.6263,8.75873,125.81576000000001,200,135
46,2.3207,8.8372,133.56822,200,135
47,2.5373,8.19763,103.7074,200,135
48,0.2281,7.90678,123.08117,200,135
49,3.1862,8.666089999999999,123.62183,200,135
50,3.2413,8.51355,126.59108,200,135
51,4.9571,8.37773,123.99565,200,135
52,11.4811,8.12556,121.32203999999999,200,135
54,7.5531,7.4189300000000005,120.4579,200,135
55,10.3647,8.73521,109.61211999999999,200,135
56,8.4537,8.06724,118.86121000000001,200,135
57,7.7685,8.41732,114.35071,200,135
58,5.1457,7.88525,125.51005,200,135
59,5.3464,7.17138,116.62981,200,135
60,5.6845,8.07596,116.95023,200,135
61,4.96,7.22098,119.93285,200,135
62,8.8952,7.5661,125.7338,200,135
63,10.9139,8.40502,121.37787,200,135
64,5.1383,9.23369,115.63231999999999,200,135
65,3.6033,7.622539999999999,115.97301999999999,200,135
66,7.2784,8.62071,118.35735,200,135
2,4.2139999999999995,8.87476,123.76888000000001,200,270
3,1.0176,8.2321,116.07173,200,270
4,1.2724,8.525839999999999,119.48411999999999,200,270
5,0.4619,9.239289999999999,122.08125,200,270
6,0.5931,8.8897,128.7998,200,270
7,0.5495,8.71823,116.11555,200,270
8,0.0554,9.03428,122.32117,200,270
9,0.1487,7.5331,105.80038,200,270
10,1.1177,7.672619999999999,109.78453,200,270
11,0.835,7.210939999999999,122.97293,200,270
12,2.1308,8.60633,121.65899999999999,200,270
13,0.6783,9.4976,129.18335,200,270
14,0.7105,8.67015,122.51211,200,270
15,0.9845,8.67212,125.91243,200,270
16,9.839,8.07605,123.49181999999999,200,270
17,3.6483,8.85872,118.54303,200,270
18,6.3475,8.60763,120.24891000000001,200,270
20,6.5597,6.963080000000001,104.29743,200,270
21,7.416,7.98947,124.79146999999999,200,270
22,6.1456,7.80611,109.77495,200,270
23,5.8063,8.45692,122.22486,200,270
25,5.1564,7.84815,122.07783,200,270
26,3.8256,8.057030000000001,123.37811,200,270
27,1.0876,8.47412,119.74682,200,270
28,2.4679,7.89902,124.30202,200,270
29,1.4397,7.785139999999999,121.17506000000002,200,270
30,0.4641,8.20222,122.29221000000001,200,270
31,2.4326,8.45443,124.28741000000001,200,270
32,1.1661,7.991210000000001,120.79992,200,270
33,1.1476,7.3924,116.47437,200,270
34,0.6859,8.62156,115.03348999999999,200,270
35,1.7238,8.40209,109.78107,200,270
36,1.0061,6.05588,121.29503999999999,200,270
39,4.4439,8.476389999999999,114.43794,200,270
40,4.398,7.74361,117.77739,200,270
41,1.3233,7.368869999999999,118.61934,200,270
42,1.2846,8.40829,123.81695,200,270
43,1.6972,8.69386,124.93311000000001,200,270
44,1.4638,9.071060000000001,123.0298,200,270
45,1.4,8.752410000000001,125.92426,200,270
46,0.5209,8.84773,133.55011000000002,200,270
47,0.7209,8.21556,103.84225,200,270
48,0.1448,7.907139999999999,123.08743,200,270
49,0.8562,8.66367,123.6112,200,270
50,1.8056,8.496039999999999,126.521,200,270
51,2.6433,8.38912,124.0619,200,270
52,9.4024,8.121830000000001,121.32306000000001,200,270
54,5.3616,7.42647,120.47308000000001,200,270
55,8.0166,8.73547,109.61605,200,270
56,6.5701,8.06354,118.86644,200,270
57,5.9879,8.41571,114.34714,200,270
58,4.0286,7.889710000000001,125.52476999999999,200,270
59,4.0142,7.169510000000001,116.62663,200,270
60,4.5881,8.078389999999999,116.98933000000001,200,270
61,3.3677,7.22815,119.87793,200,270
62,6.0555,7.574730000000001,125.74598,200,270
63,8.3073,8.412519999999999,121.38528000000001,200,270
64,3.0778,9.2366,115.60574,200,270
65,2.3913,7.6175,115.92416000000001,200,270
66,5.1664,8.61807,118.43165,200,270
2,3.5091,8.87176,123.75258999999998,200,540
3,0.8714,8.23719,116.02861999999999,200,540
4,1.0775,8.53284,119.42358999999999,200,540
5,0.4077,9.2309,122.12898,200,540
6,0.7102,8.893360000000001,128.82065,200,540
7,0.1276,8.70085,116.21595,200,540
8,0.1814,9.03437,122.32356000000001,200,540
9,0.4889,7.514069999999999,105.88905,200,540
10,0.3548,7.66062,109.7291,200,540
11,1.5382,7.21271,122.97572,200,540
12,1.3079,8.58334,121.5288,200,540
13,0.165,9.50175,129.07518000000002,200,540
14,1.4029,8.6722,122.38068,200,540
15,1.1753,8.681460000000001,125.98749,200,540
16,9.7546,8.08558,123.52741999999999,200,540
17,3.3127,8.86432,118.56177,200,540
18,5.5654,8.605,120.22,200,540
20,6.1389,6.965730000000001,104.31145,200,540
21,7.4247,7.99096,124.78103999999999,200,540
22,5.3449,7.805210000000001,109.72447,200,540
23,5.7248,8.459760000000001,122.21275,200,540
25,4.9992,7.85019,122.10413,200,540
26,1.7447,8.06069,123.37681,200,540
27,0.9267,8.47613,119.74403999999998,200,540
28,1.3813,7.89762,124.33706000000001,200,540
29,1.0462,7.7893300000000005,121.17838,200,540
30,0.8064,8.20839,122.38186999999999,200,540
31,2.9046,8.45393,124.29401000000001,200,540
32,0.8991,7.974069999999999,120.78348999999999,200,540
33,1.1117,7.39192,116.50463,200,540
34,0.8706,8.64016,115.08631000000001,200,540
35,1.1817,8.40168,109.76397,200,540
36,0.6116,6.06877,121.20872,200,540
39,4.1606,8.499139999999999,114.42175,200,540
40,4.2967,7.7454,117.80747,200,540
41,0.8542,7.410710000000001,118.92961000000001,200,540
42,0.3958,8.36103,123.76825,200,540
43,1.5558,8.72445,125.119,200,540
44,1.6114,9.06912,123.03346,200,540
45,1.4551,8.700339999999999,126.20506999999999,200,540
46,0.8264,8.90801,133.93329,200,540
47,0.5329,8.19995,103.52795,200,540
48,0.0144,7.907489999999999,123.08561999999999,200,540
49,0.0987,8.66186,123.52873000000001,200,540
50,1.5433,8.48912,126.46628999999999,200,540
51,2.0991,8.36673,124.01291,200,540
52,9.5269,8.12079,121.31323,200,540
54,5.1032,7.426069999999999,120.46513,200,540
55,7.5381,8.73747,109.61146000000001,200,540
56,6.3439,8.06356,118.86607,200,540
57,6.0529,8.416910000000001,114.33668999999999,200,540
58,3.6818,7.892760000000001,125.54709,200,540
59,4.1305,7.1725,116.63186999999999,200,540
60,4.8487,8.08457,117.02695,200,540
61,2.4299,7.2287,119.88025,200,540
62,4.9921,7.5814699999999995,125.75448999999999,200,540
63,9.3692,8.42384,121.38798999999999,200,540
64,2.1928,9.23657,115.56342,200,540
65,2.2769999999999997,7.616060000000001,115.92262,200,540
66,5.381,8.61697,118.47966000000001,200,540
2,4.0354,8.87812,123.76122,200,1080
3,1.2538,8.22781,116.01938999999999,200,1080
4,1.4080000000000001,8.52387,119.4006,200,1080
5,0.9908,9.22955,122.17228999999999,200,1080
6,1.5845,8.89898,128.70828,200,1080
7,0.1498,8.69426,115.94209,200,1080
8,0.0865,9.03443,122.32144,200,1080
9,0.4004,7.56942,105.67953,200,1080
10,0.1723,7.695760000000001,109.75326000000001,200,1080
11,2.6423,7.21703,123.00275,200,1080
12,3.1932,8.567110000000001,121.48678999999998,200,1080
13,-0.1042,9.48709,129.32301,200,1080
14,2.8393,8.67354,122.45992,200,1080
15,1.3739,8.66356,125.93745,200,1080
16,9.7549,8.082360000000001,123.53898999999998,200,1080
17,4.0301,8.854280000000001,118.55321,200,1080
18,5.7046,8.603530000000001,120.19469,200,1080
20,6.9082,6.962910000000001,104.30579,200,1080
21,9.3522,7.986910000000001,124.78518999999999,200,1080
22,5.9301,7.797510000000001,109.7155,200,1080
23,6.1696,8.4535,122.21088,200,1080
25,6.1553,7.84904,122.12055,200,1080
26,2.8747,8.05748,123.39451000000001,200,1080
27,1.4597,8.47072,119.78979,200,1080
28,2.5309,7.887160000000001,124.24826999999999,200,1080
29,2.0463,7.78596,121.1759,200,1080
30,1.0714,8.21302,122.36295,200,1080
31,4.6888,8.445319999999999,124.32435,200,1080
32,2.0618,7.97732,120.75491000000001,200,1080
33,1.6877,7.38745,116.49037,200,1080
34,1.2106,8.61781,114.97948000000001,200,1080
35,1.7013,8.39713,109.79444,200,1080
36,1.0565,6.07231,121.34423999999999,200,1080
39,3.8835,8.51097,114.36201000000001,200,1080
40,3.8162,7.73619,117.79827,200,1080
41,2.234,7.39933,118.85408000000001,200,1080
42,2.6214,8.44127,124.06631000000002,200,1080
43,3.3056,8.70348,125.10503,200,1080
44,2.3521,9.078289999999999,122.95233999999999,200,1080
45,2.6453,8.690010000000001,126.23,200,1080
46,1.7386,8.91054,133.94571000000002,200,1080
47,0.0643,8.31526,103.86245,200,1080
48,0.1619,7.9074,123.09163999999998,200,1080
49,0.1511,8.68047,123.54822,200,1080
50,2.7812,8.4917,126.49213,200,1080
51,3.708,8.3637,124.0126,200,1080
52,10.2279,8.11317,121.30481999999999,200,1080
54,5.115,7.418260000000001,120.44691,200,1080
55,8.2044,8.7361,109.6291,200,1080
56,7.2225,8.060080000000001,118.86068999999999,200,1080
57,7.2144,8.41173,114.33543999999999,200,1080
58,4.248,7.88287,125.51418000000001,200,1080
59,4.8082,7.17018,116.64206000000001,200,1080
60,4.9910000000000005,8.0774,117.01803999999998,200,1080
61,2.7596,7.20976,119.88788999999998,200,1080
62,5.7835,7.581010000000001,125.73753,200,1080
63,9.1266,8.41,121.3857,200,1080
64,3.2345,9.231589999999999,115.5864,200,1080
65,2.595,7.612439999999999,115.95001,200,1080
66,4.5172,8.629760000000001,118.41051000000002,200,1080
2,4.1438,8.88101,123.77288,200,2160
3,1.1466,8.22123,116.05736999999999,200,2160
4,1.6148,8.52287,119.38685,200,2160
5,1.1746,9.22955,122.17228999999999,200,2160
6,1.3511,8.89898,128.70828,200,2160
7,-0.0623,8.69426,115.94209,200,2160
8,0.1898,9.03443,122.32144,200,2160
9,-0.135,7.56942,105.67953,200,2160
10,-0.3361,7.695760000000001,109.75326000000001,200,2160
11,1.0883,7.21703,123.00275,200,2160
12,2.6489,8.567110000000001,121.48678999999998,200,2160
13,-0.0641,9.48709,129.32301,200,2160
14,1.1740000000000002,8.67354,122.45992,200,2160
15,0.9421,8.66356,125.93745,200,2160
16,8.2001,8.08736,123.55051,200,2160
17,3.2312,8.81528,118.53753999999999,200,2160
18,7.4244,8.627189999999999,120.34246,200,2160
20,5.6849,6.9645399999999995,104.31854,200,2160
21,7.2338,7.98605,124.77338999999999,200,2160
22,4.6324,7.797560000000001,109.72666000000001,200,2160
23,4.8644,8.45205,122.20965,200,2160
25,4.6777,7.84801,122.11213000000001,200,2160
26,5.7634,8.06749,123.43243000000001,200,2160
27,1.0572,8.461839999999999,119.79391000000001,200,2160
28,1.6482,7.88735,124.20603999999999,200,2160
29,1.5925,7.7989,121.18997,200,2160
30,1.2512,8.205,122.36093999999999,200,2160
31,4.6945,8.44556,124.34193,200,2160
32,1.3459999999999999,7.98612,120.79455,200,2160
33,1.726,7.39422,116.47941999999999,200,2160
34,1.1994,8.61781,114.97948000000001,200,2160
35,1.6572,8.396989999999999,109.8092,200,2160
36,1.1206,6.07451,121.33672,200,2160
39,3.8672,8.51939,114.33366000000001,200,2160
40,2.5286,7.73154,117.8073,200,2160
41,1.8555,7.39795,118.77528000000001,200,2160
42,2.0323,8.457310000000001,124.02002,200,2160
43,2.5472,8.70178,125.07973999999999,200,2160
44,1.8002,9.078289999999999,122.95233999999999,200,2160
45,1.0363,8.66028,125.91325,200,2160
46,1.1284,8.91054,133.94571000000002,200,2160
47,0.3819,8.31526,103.86245,200,2160
48,0.3651,7.9074,123.09163999999998,200,2160
49,0.2232,8.68047,123.54822,200,2160
50,2.1593,8.49974,126.50227,200,2160
51,3.139,8.36145,124.00148999999999,200,2160
52,9.449,8.111360000000001,121.30705,200,2160
54,5.642,7.445119999999999,120.51821000000001,200,2160
55,6.9256,8.73573,109.61455,200,2160
56,6.7641,8.05848,118.86798999999999,200,2160
57,5.5201,8.41439,114.34218999999999,200,2160
58,3.1003,7.8874,125.51671999999999,200,2160
59,4.0507,7.16967,116.63068999999999,200,2160
60,3.6881,8.079889999999999,117.02928999999999,200,2160
61,1.9773,7.2072199999999995,119.89941999999999,200,2160
62,4.329,7.57115,125.74642,200,2160
63,8.6308,8.42803,121.38399,200,2160
64,2.7297,9.22836,115.60695,200,2160
65,2.4728,7.6145,115.9478,200,2160
66,3.5732,8.63373,118.36034,200,2160
