,residue,intensity,1H,15N,obs,tit
0,2,24.5824,8.842039999999999,123.72227,200,0
1,3,5.6569,8.254669999999999,116.35798999999999,200,0
2,4,5.6713,8.66427,119.66998000000001,200,0
4,6,9.5726,8.64478,128.67858999999999,200,0
5,7,11.5883,8.808860000000001,116.00953,200,0
6,8,3.112,9.03475,120.91873999999999,200,0
7,9,2.3018,7.54075,105.99973,200,0
8,10,11.4397,7.64158,110.17063,200,0
9,11,10.9749,7.08811,122.01793,200,0
10,12,13.213,8.57715,120.63713999999999,200,0
13,15,2.3179,8.6691,126.0312,200,0
14,16,23.1678,8.06817,123.53426999999999,200,0
15,17,10.0313,8.846589999999999,118.55067,200,0
16,18,21.9245,8.57648,120.21297,200,0
17,20,12.6146,6.972010000000001,104.32543000000001,200,0
18,21,15.5461,8.00041,124.83878,200,0
19,22,18.6902,7.83563,109.99453000000001,200,0
20,23,13.2221,8.48124,122.10566999999999,200,0
21,25,11.3956,7.84463,122.22323,200,0
22,26,4.3067,8.0688,123.44258,200,0
23,27,4.3633,8.547989999999999,119.82373999999999,200,0
24,28,8.8702,7.85349,124.285,200,0
25,29,7.5086,7.747510000000001,121.07283999999999,200,0
27,31,1.1214,8.43574,124.28708999999999,200,0
28,32,6.2788,7.84731,120.27548999999999,200,0
29,33,4.5088,7.30934,116.44608000000001,200,0
30,34,4.957,8.71295,115.68526999999999,200,0
31,35,4.7727,8.39775,109.87111999999999,200,0
32,36,1.9533,6.21226,120.55573999999999,200,0
33,39,12.6416,8.48362,114.43218999999999,200,0
34,40,5.8876,7.812860000000001,117.51353,200,0
35,41,5.7701,7.5190600000000005,120.15526000000001,200,0
36,42,6.795,8.44174,124.28379,200,0
37,43,11.7943,8.69697,125.27895,200,0
38,44,2.5961,9.213569999999999,124.50599,200,0
39,45,3.3741,8.74488,125.31553999999998,200,0
40,46,9.675,8.911430000000001,133.82047,200,0
41,47,2.3909,8.143510000000001,103.32323000000001,200,0
43,49,18.8552,8.58507,123.10941000000001,200,0
44,50,11.328,8.40523,125.57876999999999,200,0
45,51,13.5612,8.36689,124.17043000000001,200,0
46,52,18.1942,8.080039999999999,121.2854,200,0
47,54,16.0554,7.43345,120.47261999999999,200,0
48,55,17.3301,8.772780000000001,109.72696,200,0
49,56,15.1181,8.0578,118.86881000000001,200,0
50,57,13.4169,8.442210000000001,114.33516999999999,200,0
51,58,10.8436,7.86713,125.39348999999999,200,0
52,59,10.5873,7.187589999999999,116.65701999999999,200,0
53,60,11.5811,8.06592,116.9541,200,0
54,61,13.5794,7.17333,119.78493,200,0
55,62,21.6013,7.586139999999999,125.74422,200,0
56,63,25.9715,8.431289999999999,121.41438000000001,200,0
57,64,16.5231,9.26544,115.2743,200,0
58,65,12.2508,7.5930800000000005,115.96266999999999,200,0
59,66,17.7304,8.67245,118.39686999999999,200,0
60,67,15.7097,9.25732,128.17201,200,0
61,68,3.7214,9.00725,119.9985,200,0
62,69,13.6807,8.12453,124.80391999999999,200,0
64,71,23.1678,8.06817,123.53426999999999,200,0
65,72,7.9477,8.67093,124.4582,200,0
66,73,2.0271,8.320269999999999,125.27436999999999,200,0
67,74,1.9613,8.25836,122.16752,200,0
0,2,18.919,8.84023,123.69653999999998,200,135
1,3,5.4206,8.24896,116.36171999999999,200,135
2,4,5.3742,8.6614,119.67546999999999,200,135
4,6,4.9915,8.64355,128.69089,200,135
5,7,6.281,8.80615,116.00871000000001,200,135
6,8,2.9025,9.036769999999999,120.90522,200,135
7,9,1.5634,7.54122,105.98521000000001,200,135
8,10,8.4734,7.635560000000001,110.1878,200,135
9,11,6.6128,7.08634,122.01247,200,135
10,12,8.8127,8.573139999999999,120.6328,200,135
13,15,1.7222,8.67356,126.02415,200,135
14,16,19.111,8.06403,123.50113,200,135
15,17,8.9921,8.84355,118.52933999999999,200,135
16,18,18.301,8.57804,120.21516000000001,200,135
17,20,12.5053,6.970680000000001,104.32029,200,135
18,21,14.1847,7.9973399999999994,124.82043999999999,200,135
19,22,13.1624,7.831980000000001,109.97075,200,135
20,23,12.1018,8.47892,122.10545,200,135
21,25,8.7692,7.845689999999999,122.24911000000002,200,135
22,26,3.7492,8.05614,123.44519,200,135
23,27,3.7638,8.55585,119.8596,200,135
24,28,5.9709,7.853739999999999,124.29326999999999,200,135
25,29,4.5553,7.746860000000001,121.06681,200,135
27,31,4.9696,8.43555,124.282,200,135
28,32,4.8906,7.84806,120.30213,200,135
29,33,3.117,7.3095,116.41898,200,135
30,34,3.2995,8.70938,115.69057,200,135
31,35,3.2746,8.39586,109.90077,200,135
32,36,1.2762,6.20602,120.54265,200,135
33,39,9.8299,8.47151,114.40288999999999,200,135
34,40,4.4593,7.819030000000001,117.50175,200,135
35,41,3.1717,7.51658,120.15234,200,135
36,42,4.1887,8.4397,124.29316000000001,200,135
37,43,7.3089,8.69486,125.27637,200,135
38,44,2.4913,9.21229,124.49687,200,135
39,45,2.6237,8.75158,125.30116000000001,200,135
40,46,5.4784,8.90825,133.8074,200,135
41,47,1.6795,8.13162,103.33202,200,135
43,49,10.7191,8.58121,123.11028999999999,200,135
44,50,8.9843,8.4002,125.57948999999999,200,135
45,51,7.8546,8.36624,124.17743,200,135
46,52,12.5214,8.07741,121.27161000000001,200,135
47,54,14.8669,7.431010000000001,120.48393999999999,200,135
48,55,14.9658,8.772260000000001,109.73806,200,135
49,56,12.3586,8.060080000000001,118.85706,200,135
50,57,10.9648,8.43933,114.32405,200,135
51,58,8.4084,7.86635,125.4001,200,135
52,59,8.6226,7.18318,116.65533,200,135
53,60,10.8184,8.066180000000001,116.95673000000001,200,135
54,61,9.8979,7.17116,119.77707,200,135
55,62,16.793,7.5873,125.74158,200,135
56,63,22.2608,8.431280000000001,121.42023,200,135
57,64,14.5688,9.261439999999999,115.25577,200,135
58,65,10.1042,7.58855,115.94426000000001,200,135
59,66,13.0891,8.66819,118.40928999999998,200,135
60,67,8.9045,9.25308,128.15659,200,135
61,68,2.536,9.00715,120.02818,200,135
62,69,7.6766,8.12239,124.80823999999998,200,135
64,71,19.111,8.06403,123.50113,200,135
65,72,5.1939,8.67178,124.4768,200,135
66,73,1.4326,8.311119999999999,125.26691000000001,200,135
67,74,2.1734,8.254439999999999,122.15862,200,135
0,2,15.3809,8.839939999999999,123.68061000000002,200,270
1,3,5.3187,8.24672,116.35869,200,270
2,4,5.5132,8.66231,119.69157,200,270
4,6,3.0478,8.64427,128.68958999999998,200,270
5,7,3.5227,8.80825,116.01491999999999,200,270
6,8,1.9106,9.03098,120.89825,200,270
7,9,1.0225,7.542269999999999,105.92001,200,270
8,10,6.5647,7.633489999999999,110.2064,200,270
9,11,4.4348,7.08604,122.0078,200,270
10,12,6.4115,8.57391,120.61723,200,270
13,15,2.0856,8.6714,126.00301,200,270
14,16,14.5932,8.063260000000001,123.49467,200,270
15,17,7.5458,8.84104,118.51383,200,270
16,18,14.86,8.583060000000001,120.2177,200,270
17,20,11.902000000000001,6.971769999999999,104.32443,200,270
18,21,14.0217,7.997310000000001,124.80688,200,270
19,22,10.2305,7.8304100000000005,109.95168999999999,200,270
20,23,11.2025,8.479410000000001,122.09499,200,270
21,25,7.0305,7.84842,122.26836999999999,200,270
22,26,3.1548,8.05609,123.43733,200,270
23,27,3.3487,8.55678,119.85311000000002,200,270
24,28,3.9718,7.856139999999999,124.31963,200,270
25,29,3.155,7.7514,121.05413,200,270
27,31,2.0104,8.44454,124.28708999999999,200,270
28,32,3.1462,7.85042,120.31075,200,270
29,33,1.5029,7.31757,116.37746000000001,200,270
30,34,2.0099,8.709060000000001,115.64007,200,270
31,35,2.3385,8.40352,109.89015,200,270
32,36,0.9581,6.18993,120.55446,200,270
33,39,8.4576,8.46575,114.37631999999999,200,270
34,40,3.3219,7.826980000000001,117.45767,200,270
35,41,2.5434,7.512519999999999,120.30228000000001,200,270
36,42,1.4947,8.46209,124.76744,200,270
37,43,5.2869,8.696480000000001,125.27429,200,270
38,44,1.2801,9.21354,124.47373999999999,200,270
39,45,1.7185,8.760019999999999,125.2967,200,270
40,46,3.895,8.90494,133.78752,200,270
41,47,1.2209,8.13462,103.30691999999999,200,270
43,49,6.2772,8.58264,123.09358,200,270
44,50,7.3606,8.39989,125.58001999999999,200,270
45,51,5.7585,8.36805,124.20071000000002,200,270
46,52,8.5412,8.07669,121.24956999999999,200,270
47,54,14.8507,7.4321,120.48098,200,270
48,55,13.3297,8.77577,109.75303999999998,200,270
49,56,11.2286,8.06355,118.85051000000001,200,270
50,57,10.3791,8.44095,114.32288,200,270
51,58,7.0846,7.87098,125.41564,200,270
52,59,7.8572,7.18156,116.67358,200,270
53,60,10.64,8.06816,116.95793,200,270
54,61,7.2828,7.174869999999999,119.77439,200,270
55,62,14.3035,7.593889999999999,125.74448000000001,200,270
56,63,21.7061,8.43463,121.42603000000001,200,270
57,64,12.937999999999999,9.26095,115.24186999999999,200,270
58,65,8.9609,7.58648,115.9411,200,270
59,66,11.0032,8.66676,118.41712,200,270
60,67,6.0098,9.25333,128.16473,200,270
61,68,2.0223,9.00876,120.04818999999999,200,270
62,69,4.7468,8.12297,124.79356000000001,200,270
64,71,14.5932,8.063260000000001,123.49467,200,270
65,72,3.7355,8.67732,124.45683000000001,200,270
66,73,0.9465,8.321860000000001,125.26888999999998,200,270
67,74,2.2216,8.252889999999999,122.13216000000001,200,270
0,2,12.4359,8.83986,123.62215,200,540
1,3,4.7694,8.246310000000001,116.34616000000001,200,540
2,4,4.9785,8.66146,119.69922,200,540
4,6,1.001,8.63565,128.65652,200,540
5,7,1.6183,8.80328,116.03171,200,540
6,8,1.2135,9.034,120.86275,200,540
7,9,0.7221,7.56208,106.06563999999999,200,540
8,10,5.0179,7.62835,110.23306000000001,200,540
9,11,2.154,7.0938,122.04002,200,540
10,12,3.0427,8.56635,120.63519,200,540
13,15,1.7621,8.67817,125.99793999999999,200,540
14,16,13.5166,8.05833,123.47208,200,540
15,17,6.909,8.83795,118.48177,200,540
16,18,13.4235,8.59269,120.22677,200,540
17,20,10.5431,6.972230000000001,104.32191,200,540
18,21,12.6829,7.9954600000000005,124.78598999999998,200,540
19,22,7.6585,7.825819999999999,109.91858,200,540
20,23,11.0114,8.4793,122.07785,200,540
21,25,5.978,7.853389999999999,122.34488,200,540
22,26,2.4852,8.05529,123.4357,200,540
23,27,3.082,8.56405,119.89771,200,540
24,28,2.6839,7.8642199999999995,124.33861999999999,200,540
25,29,1.9773,7.7587,121.11626000000001,200,540
27,31,3.2102,8.46268,124.37116,200,540
28,32,1.8254,7.86223,120.35547,200,540
29,33,1.2416,7.32227,116.29796,200,540
30,34,1.1745,8.70097,115.63557,200,540
31,35,1.6287,8.41076,109.97501000000001,200,540
32,36,0.5363,6.1851400000000005,120.5932,200,540
33,39,8.7478,8.4413,114.32108000000001,200,540
34,40,2.7575,7.833019999999999,117.38488999999998,200,540
35,41,2.7348,7.51727,120.36336999999999,200,540
36,42,2.8983,8.46605,124.72452,200,540
37,43,3.7879,8.695789999999999,125.30993000000001,200,540
38,44,0.8735,9.1924,124.46378,200,540
39,45,1.757,8.76021,125.23485,200,540
40,46,1.5959,8.90707,133.80119,200,540
41,47,0.8222,8.08221,103.34746,200,540
43,49,3.6043,8.578330000000001,123.07045,200,540
44,50,6.2699,8.3893,125.57768999999999,200,540
45,51,3.2048,8.37086,124.21869,200,540
46,52,6.1264,8.07414,121.22941999999999,200,540
47,54,14.277,7.4328199999999995,120.49833999999998,200,540
48,55,12.1992,8.7777,109.77156000000001,200,540
49,56,10.3164,8.06841,118.8316,200,540
50,57,8.8966,8.439789999999999,114.31396000000001,200,540
51,58,6.2393,7.876119999999999,125.45213000000001,200,540
52,59,7.2306,7.18111,116.6612,200,540
53,60,9.7038,8.07245,116.96196,200,540
54,61,4.8303,7.176660000000001,119.7612,200,540
55,62,12.6823,7.605460000000001,125.7477,200,540
56,63,20.0797,8.438880000000001,121.43625,200,540
57,64,11.8572,9.25805,115.22673999999999,200,540
58,65,7.911,7.58288,115.907,200,540
59,66,8.4574,8.65869,118.4437,200,540
60,67,3.4802,9.2546,128.13666,200,540
61,68,1.3332,9.02052,120.09031,200,540
62,69,2.4135,8.12753,124.78905,200,540
64,71,13.5166,8.05833,123.47208,200,540
65,72,2.0922,8.68154,124.53458,200,540
66,73,1.2146,8.32812,125.31126,200,540
67,74,1.9024,8.236880000000001,122.1254,200,540
0,2,12.3261,8.838189999999999,123.54073000000001,200,1080
1,3,4.759,8.2435,116.33603000000001,200,1080
2,4,4.5943,8.66287,119.72646999999999,200,1080
4,6,0.6499,8.64241,128.75447,200,1080
5,7,0.8397,8.82647,116.05913999999999,200,1080
6,8,0.9432,8.97049,120.79947,200,1080
7,9,0.2824,7.55375,105.94883,200,1080
8,10,4.4738,7.607289999999999,110.27951999999999,200,1080
9,11,1.2637,7.0860199999999995,122.10046000000001,200,1080
10,12,1.3066,8.57483,120.6181,200,1080
13,15,1.1142,8.688310000000001,125.95065,200,1080
14,16,12.5558,8.05132,123.44576,200,1080
15,17,5.988,8.83185,118.44895,200,1080
16,18,12.1037,8.60196,120.23661000000001,200,1080
17,20,9.8497,6.97267,104.32158000000001,200,1080
18,21,11.9807,7.994689999999999,124.76656000000001,200,1080
19,22,6.506,7.813219999999999,109.8812,200,1080
20,23,8.9684,8.4802,122.07275,200,1080
21,25,5.7453,7.86025,122.41693000000001,200,1080
22,26,1.3327,8.05574,123.44402,200,1080
23,27,1.9027,8.572,119.93484,200,1080
24,28,1.9504,7.86835,124.37666000000002,200,1080
25,29,0.7721,7.77915,121.25346,200,1080
27,31,3.5755,8.47103,124.62057,200,1080
28,32,1.2943,7.8759,120.36131999999999,200,1080
29,33,0.9007,7.31341,116.24788999999998,200,1080
30,34,0.8925,8.70229,115.64001999999999,200,1080
31,35,1.2516,8.4306,110.01981,200,1080
32,36,0.7262,6.20622,120.66502,200,1080
33,39,6.7767,8.43586,114.28675,200,1080
34,40,2.9566,7.84174,117.34328000000001,200,1080
35,41,2.4853,7.52424,120.40208,200,1080
36,42,3.5348,8.47079,124.62981,200,1080
37,43,2.559,8.70545,125.28271000000001,200,1080
38,44,0.2738,9.19425,124.49922,200,1080
39,45,1.6056,8.77613,125.16975,200,1080
40,46,1.2161,8.89333,133.74673,200,1080
41,47,0.5352,8.03546,103.35593,200,1080
43,49,1.2346,8.57103,123.06935,200,1080
44,50,6.1488,8.37182,125.57548999999999,200,1080
45,51,2.3207,8.371030000000001,124.25935,200,1080
46,52,4.8797,8.032789999999999,121.07588999999999,200,1080
47,54,13.084,7.431539999999999,120.49126000000001,200,1080
48,55,11.1452,8.7802,109.79678999999999,200,1080
49,56,9.0778,8.0729,118.81331000000002,200,1080
50,57,6.7775,8.43542,114.28828999999999,200,1080
51,58,5.6569,7.88202,125.49231999999999,200,1080
52,59,6.2029,7.17767,116.67811999999999,200,1080
53,60,9.2926,8.073360000000001,116.96333,200,1080
54,61,3.2732,7.178260000000001,119.77305,200,1080
55,62,12.1399,7.6159300000000005,125.73818999999999,200,1080
56,63,18.3153,8.4416,121.44383,200,1080
57,64,10.9773,9.254669999999999,115.19575,200,1080
58,65,7.546,7.57937,115.90211000000001,200,1080
59,66,7.1278,8.647739999999999,118.45116000000002,200,1080
60,67,1.5957,9.23822,128.1528,200,1080
61,68,1.0162,9.029,120.12785,200,1080
62,69,1.1621,8.12006,124.77153,200,1080
64,71,12.5558,8.05132,123.44576,200,1080
65,72,1.0376,8.719,124.55779,200,1080
66,73,0.4532,8.33187,125.33038,200,1080
67,74,1.6546,8.25013,122.08018,200,1080
